,org_name,phone,site
0,National Justice For Our Neighbors,703-766-0442,njfon.org
1,World Relief,443-451-1900,www.worldrelief.org
2,Define American,N/A,https://defineamerican.com/
3,National Immigrant Justice Center,312-660-1370,http://www.immigrantjustice.org/
4,United We Dream (UWD),N/A,http://unitedwedream.org/
5,America's Voice,202-463-8602,http://americasvoice.org/
6,The Young Center for Immigrant Children's Rights,202-794-8742,http://theyoungcenter.org/
7,National Day Laborer Organizing Network,213-380-2783,http://www.ndlon.org/
8,Food Chain Workers Alliance,213-380-4060,http://foodchainworkers.org/
9,The TransLatin@ Coalition,213-553-1845,www.translatinacoalition.org 
10,National Association of Latino Elected Officials (NALEO),888-839-8682,www.naleo.org
11,Upwardly Global,212-219-8828,www.upwardlyglobal.org
12,Latino Justice PRLDEF,212-219-3360,http://latinojustice.org/
13,Mexican American Legal Defense and Education Fund (MALDEF),213-629-2512,www.maldef.org
14,Catholic Legal Immigration Network,301-565-4800,www.cliniclegal.org
15,Southwest Key,512-462-2181,http://www.swkey.org/programs/shelters/
16,Undocublack,N/A,http://undocublack.org
17,Black Alliance for Just Immigration,347-410-5312,http://blackalliance.org
18,Cosecha Movement,N/A,http://movimientocosecha.com
19,U.S. Committee for Refugees and Immigrants (USCRI),703-310-1130,refugees.org
20,League of United Latin American Citizens (LULAC),202-833-6130,www.LULAC.org
21,Southeast Asia Resource Action Center (SEARAC),202-601-2968,searac.org
22,Alliance for Citizenship,202-360-7603,www.allianceforcitizenship.org
23,Worker Center Network,N/A,http://www.iwj.org/worker-center-network/locations
24,UNHCR,202-296-5191,http://www.unhcr.org/united-states-of-america.html
25,Center for Popular Democracy (CPD),347-985-2220,https://populardemocracy.org/
26,National Korean American Service & Education Consortium (NAKASEC),703-256-2208,http://nakasec.org/
27,Immigrant Defense Project,212-735-6422,immdefense.org
28,Immigration Equality,212-714-2904,immigrationequality.org
29,Human Rights First,212-845-5200,humanrightsfirst.org
30,Mi Familia Vota,602-263-2030,www.mifamiliavota.org
31,Center for Community Change,202-339-9300,www.communitychange.org
32,People's Action,312-243-3035,www.peoplesaction.org
33,National Partnership for New Americans (NPNA),773-443-0539,www.partnershipfornewamericans.org
34,Asian American Legal Defense and Education Fund (AALDEF),212-966-5932,www.aaldef.org
35,Asian Americans Advancing Justice | AAJC,202-296-2300,www.advancingjustice-aajc.org
36,Movement of Immigrants in America (Mia),202-495-2641,http://www.miausa.org/
37,Hispanic Federation,1-866-432-9832,https://hispanicfederation.org
38,Alabama Coalition for Immigrant Justice (ACIJ),334-356-6244,http://www.acij.net
39,Hispanic Catholic Social Services,205-987-4771,http://hcsslacasita.org
40,Hispanic Interest Coalition of Alabama,205-942-5505,http://www.hispanicinterest.org
41,Adelante Alabama Worker Center,205317-1481,www.adelantealabama.org
42,Catholic Social Services of Mobile - Refugee Resettlement Program,251-432-2727,http://www.catholicsocialservicesmobile.com
43,Catholic Social Services of Montgomery - Immigrant Services,334-288-8890 ext 218,http://www.cssalabama.org
44,Catholic Social Services of Mobile - Legal Immigration Program ,251-947-3878,http://cssbaldwin.org
45,Alaska Immigration Justice Project,907-279-2457,http://www.akijp.org
46,Arkansas United Community Coalition (AUCC),479-763-2822,http://arkansascoalition.org/
47,Arkansas United Community Coalition (AUCC),479-763-2822,www.arkansascoalition.org/
48,ONE Arizona,602-429-9430,http://www.onearizona.org
49,Arizona Center for Empowerment,602-388-9745,https://www.facebook.com/Arizona-Center-for-Empowerment-278654918829164/?ref=page_internal&mt_nav=1
50,Living United for Change in Arizona (LUChA),602-388-9745, http://www.luchaaz.org/immigration_services
51,Chicanos Por La Causa,602-257-0700,http://cplc.org
52,Friendly House,602-257-1870,https://friendlyhouse.org
53,Unlimited Potential,602-305-4742,http://www.upaz.org
54,Puente Movement,602-252-1283,http://puenteaz.org
55,Neighborhood Ministries,602-252-5225,http://nmphx.com
56,Center for Neighborhood Leadership,N/A,http://azcnl.org
57,Transqueer Pueblo,480-849-3797,"https://www.facebook.com/transqueerpueblo/, https://www.instagram.com/trans_queer_pueblo_/"
58,Aliento ,402-302-2783,www.alientoaz.org 
59,Valle Del Sol,602-258-6797,http://www.valledelsol.com
60,Border Action Network,510-316-3971,www.borderaction.org
61,No More Deaths/No Mas Muertes,520-333-5699,http://forms.nomoredeaths.org/en/
62,Promise Arizona (PAZ),602-288-3663,www.promiseaz.org
63,Promise Arizona (PAZ),602-288-3663 or Tollfree 888-511-7136,www.promiseaz.org
64,Catholic Charities of Little Rock,501-664-0340 ext 314,http://www.dolr.org/offices/catholiccharities/immigration.php
65,Catholic Charities of Springdale,479-927-1996,http://www.dolr.org/offices/catholiccharities/immigration-springdale.php
66,University of Arkansas School of Law Immigration Clinic,479-575-3056,http://law.uark.edu
67,Day Worker Center of Mountain View,650-903-4102,http://www.dayworkercentermv.org/
68,Silicon Valley Community Foundation,650-450-5400,http://www.siliconvalleycf.org/
69,Immigrant Legal Resource Center,415-255-9499,https://www.ilrc.org/
70,OneJustice,415-834-0100,https://onejustice.org/
71,Educators for Fair Consideration (E4FC),N/A,http://www.e4fc.org/
72,Catholic Charities of East Bay,510-768-3142,http://www.cceb.org/
73,African Advocacy Network,415-503-1032,http://www.aansf.org/
74,Arab Resource and Organizing Center,415-861-7444,http://araborganizing.org/
75,Asian Law Caucus,415-896-1701,http://www.advancingjustice-alc.org/
76,Central American Resource Center,415-642-4400,http://www.carecensf.org/
77,La Raza Centro Legal,415-575-3500,http://www.lrcl.org/
78,Mujeres Unidas and Activas,415-621-8140,http://mujeresunidas.net/
79,Causa Justa,415-487-9203,http://cjjc.org/
80,Dolores Street Community Services,415-282-6209,http://www.dscs.org/
81,Legal Aid Society-Employment Law Center,415-864-8848,https://las-elc.org/
82,Asian Americans Advancing Justice - Asian Law Caucus,415-896-1701,http://www.advancingjustice-alc.org/
83,Immigrant Legal Resources Center,415-255-9499,https://www.ilrc.org/
84, La Raza Community Resource Center ,"
415-863-0764",http://larazacrc.org/
85,South Asian Network,562-403-0488,southasiannetwork.org
86,Native Hawaiian and Pacific Islander Alliance,310-766-3196,Please call to schedule appointments
87,El Concilio,209-644-2600,http://www.elconcilio.org/
88,Community Legal Services of East Palo Alto,650-326-6440,http://www.clsepa.org/
89,Voto Latino (California Office),559-473-6096,http://votolatino.org/about-us/
90,Central Valley Immigrant Integration Collaborative,N/A,http://vallecentral.org/tag/central-valley-immigrant-integration-collaborative/
91,Dream Success Center/Dream Outreach Center,559-278-1554,http://www.fresnostate.edu/studentaffairs/dsc/
92,Kids in Need of Defense (Fresno Office),559-240-4184,https://supportkind.org/about/team/
93,United Farm Workers (UFW) Foundation,559-496-0700,http://ufwfoundation.org/
94,Centro C.H.A.,N/A,http://www.centrocha.org/
95,CHIRLA,213-353-1333,http://www.chirla.org/
96,CARECEN,N/A,http://www.carecen-la.org/
97,Asian Americans Advancing Justice (Los Angeles Office),888-349-9695,http://www.advancingjustice-la.org/
98,Esperanza Immigrant Rights Project (Catholic Charities of LA),213-251-3400,http://catholiccharitiesla.org/
99,Legal Aid Foundation Los Angeles,213-640-3883,https://lafla.org/
100,COFEM,213-417-8390,http://www.cofem.org/
101,Korean Resource Center,323-937-3718,http://www.krcla.org/
102,Youth Policy Institute,323-836-0055,http://www.ypiusa.org/
103,Pars Equality Center,818-616-3091,www.parsequalitycenter.org
104,UPLIFT,N/A,http://www.upliftlosangeles.org/
105,"Filipino American Service Group, Inc. (FASGI)",213-487-9804,http://www.fasgi.org
106,Coalition to Abolish Slavery & Trafficking (CAST),N/A,http://www.castla.org/homepage
107,Public Counsel,213-385-2977,http://www.publiccounsel.org/about_us
109,LA Public Libaries,213-228-7000,http://www.lapl.org/
110,Korean Churches for Community Development,213-985-1500,www.kccd.org
111,Asian Pacific Policy & Planning Council (A3PCON),213-239-0300,http://www.asianpacificpolicyandplanningcouncil.org/
112,Immigrant Defenders Law Center,213-634-0999,http://www.immdef.org/
113,Instituto de Educación Popular del Sur de California,213-252-2952,http://idepsca.org/
114,California Rural Legal Assistance Foundation,916-446-7904,http://www.crlaf.org/
115,Puertas Abiertas,707-224-1786,http://puertasabiertasnapa.org/
116,Black Alliance for Just Immigration,510-663-2254,http://blackalliance.org/
117,International Rescue Committee,510-452-8222,https://www.rescue.org/united-states/oakland-ca
118,Pomona Economic Opportunity Center,909-397-4215,http://pomonadaylabor.org/
119,International Institute of the Bay Area,415-538-8100 ext 206,http://www.iibayarea.org/donate/
120,California Immigrant Policy Center,916-448-6762,http://www.caimmigrant.org/
121,Border Angels,619-487-0249,http://www.borderangels.org/our-causes/
122,Casa Cornelia Law Center,619-231-7788,www.casacornelia.org
123,Unitarian Universalist Refugee & Immigrant Services & Education (UURISE),760-477-7537,www.uurise.org
124,Alliance San Diego,619-269-1823,www.alliancesd.org
125,Asian Pacific Islander Legal Outreach,415-567-6255,http://www.apilegaloutreach.org/
126,Pangea Legal Services,415-254-0475,pangealegal.org
127,"Services, Immigrant Rights, and Education Network (SIREN)",408-453-3003,http://www.siren-bayarea.org/
128,Sacred Heart Community Services,408-278-2160,http://sacredheartcs.org/
129,Asian Americans for Community Involvement,408-975-2730,http://aaci.org/
130,National Immigration Law Center (NILC),213-639-3900,https://www.nilc.org/
131,Interfaith Ministries ,209-572-3117,http://interfaithmodesto.org/
132,TODEC Legal Center,951-943-1955,www.TODEC.org
133,Public Law Center,714-541-1010,http://www.publiclawcenter.org/
134,Casa de Paz,720-500-2272,http://www.casadepazcolorado.org
135,Catholic Charities of Colorado Springs,719-866-6450,www.ccharitiescc.org
136,Catholic Charities of Denver,303-742-0828,https://ccdenver.org
137,Mi Familia Vota,303-727-8035,www.mifamiliavota.org
138,ACLU-Denver,303-777-5482,aclu-co.org
139,American Friends Service Community,303-623-3464,https://www.afsc.org/office/denver-co
140,Together Colorado,303-399-2425,togetherco.org
141,Padres Unidos,303-458-6545,padresunidos.org
142,Servicios Delaraza,303-458-5851,serviciosdelaraza.org
143,9 to 5 Org,303-628-0925,http://9to5.org/local-chapters/9to5-colorado/
144,Centro Humanitario,303-292-4115,http://www.centrohumanitario.org
145,CLLARO,303-722-5150,http://cllaro.org
146,Color Latina,303-393-0382,colorlatina.org
147,Towards Justice,720-441-2236,www.towardsjustice.org
148,Colorado Immigrant Rights Coalition,303-922-3344,http://coloradoimmigrant.org/
149,Colorado People's Alliance (COPA),303-893-3500,https://coloradopeoplesalliance.org
150,Catholic Charities of Pueblo,719-543-1741,http://www.pueblocharities.org/
151,San Luis Valley Immigrant Resource Center,719-587-3225,http://www.slvirc.org/
152,Catholic Charities of the Diocese of Bridgeport,203-416-1311,http://www.ccfairfield.org
153,Connecticut Legal Services (Bridgeport Office),203-336-3851,http://ctlegal.org
154,"International Institute of Connecticut, Inc. (Bridgeport Office)",203-336-0141,http://iiconn.org
155,"Catholic Charities  of Hartford - Migration, Refugee, and Immigration Services",860-297-7800,http://ccaoh.org
156,Center for Children's Advocacy,860-570-5327,http://www.kidscounsel.org/our-work/immigration/
157,Center for Latino Progress,860-247-3227,http://www.ctprf.org
158,Greater Hartford Legal Aid,860-541-5000,http://www.ghla.org
159,Hartford Public Library - The American Place,860-695-6337,http://www.hplct.org/library-services/immigration-citizenship
160,"International Institute of Connecticut, Inc. (Hartford Office)",860-692-3085,http://iiconn.org
161,Connecticut Legal Services (New Britain Office),860-225-8678,http://ctlegal.org
162,Integrated Refugee and Immigrant Services (IRIS),203-562-2095,http://www.irisct.org/
163,Apostle Immigrant Services,203-752-9068,http://www.apostleimmigrantservices.org
164,New Haven Legal Assisstance,203-946-4811,nhlegal.org/
165,IRIS - Integrated Refugee & Immigrant Services,203-562-2769,http://www.irisct.org
166,"New Haven Legal Assistance Association, Inc.",203-946-4811,http://www.nhlegal.org
167,Junta for Progressive Action,203-787-0191,http://juntainc.org/en/
168,Unidad Latina en Accion,203-479-2959,https://ulanewhaven.org/
169,Catholic Charities of Norwich ,860-443-5328,http://www.ccfsn.org
170,Connecticut Legal Services (New London Office),860-447-0323,http://ctlegal.org
171,Connecticut Legal Services (Stamford Office),203-348-9216 ext 0,http://ctlegal.org
172,"International Institute of Connecticut, Inc. (Stamford Office)",203-965-7190,http://iiconn.org
173,Connecticut Legal Services (Waterbury Office),203-756-8074,http://ctlegal.org
174,Connecticut Legal Services (Willimantic Office),860-456-1761,http://ctlegal.org
175,Jewish Family Service of Greenwich,203-622-1881,http://jfsgreenwich.org
176,CT Students for a Dream,203-391-1626,www.ct4adream.org
177,Connecticut Immigrant Rights Alliance,203-651-9290,https://www.facebook.com/CTImmigrantRightsAlliance
178,Capital Area Immigrant Rights,N/A,https://www.caircoalition.org/
181,Esperanza Education Fund,202-656-4673,esperanzafund.org
182,Many Languages One Voice ,202-838-6568,www.mlovdc.org
183,Asian American LEAD,202-884-0322,www.aalead.org
184,Ayuda,202-387-4848,www.ayuda.com
185,La Esperanza Center,302-854-9262,http://laesperanzacenter.org/contact-us/
186,"Community Legal Aid Society, Inc",800-292-7980,http://www.declasi.org/contact-us/
187,Delaware Alliance for Community Advancement (DACA),302-656-8200,http://www.delaca.org/
188,Catholic Charities - Diocese of Wilmington,302-655-9624,http://www.ccwilm.org/immigration/
189,Hope Community Center,407-880-4673,hcc-offm.org
190,Farmworkers Self Help,352-567-1432,www.fshflorida.org
191,Gainesville Interfaith Alliance for Immigrant Rights,352-371-6772,http://gainesvilleiaij.blogspot.com/
192,Redlands Christian Migrant Association,239-658-3560,www.rcma.org
193,Florida Immigrant Coalition,305-571-7254,https://floridaimmigrant.org/
194,Americans for Immigrant Justice,305-573-1106,http://www.aijustice.org
195,Palm Beach County Coalition for Immigrant Rights,561-594-1087,palmbeachimmigrant.org
196,Florida Immigrant Youth Network,786-273-9748,https://floridaimmigrant.org/placemarks/florida-immigrant-youth-network-flyin/
197,Young American DREAMers,N/A,www.youngamericandreamers.com/
198,Florida Immigrant Coalition (FLIC),305-571-7254,https://floridaimmigrant.org/
199,Guatemala Mayan Center,561-547-0085,http://www.guatemalanmaya.org
200,Catholic Charities Legal Services - Archdiocese of Miami,305-373-1073,http://cclsmiami.org
201,We Count!,305247-2202,http://www.we-count.org
202,National Alliance to Nurture the Aged and the Youth (NANAY),305-951-5550,www.NANAY.com
203,New American Pathways,404-299-6099,http://newamericanpathways.org/
204,Georgia Latino Alliance for Human Rights (GLAHR),770-457-5232,http://www.glahr.org/
205,Georgia Asylum & Immigration Network,404-572-2609,http://georgiaasylum.org/
206,The Latin American Association,404-638-1800,http://thelaa.org/
207,Georgia Association of Latino Elected Officials,888-54GALEO,galeo.org
208,Atlanta Mayor's Office of Immigrant Affairs ,404-330-6385,http://www.welcomingatlanta.com/
209,Freedom University,N/A,http://www.freedomuniversitygeorgia.com/
211,Lutheran Services of Georgia,404-875-0201,Lsga.org
212,Asian Americans Advancing Justice - Atlanta,404-585-8446,https://advancingjustice-atlanta.org/
213,"Center for Pan Asian Community Services, Inc.",770-936-0969,cpacs.org
214,Access To Law Foundation,770-685-1499,www.accesstolawfoundation.org
215,Refugee Women's Network,404-437-7767,http://refugeewomensnetworkinc.org/
216,El Refugio,229-234-9022,http://elrefugiostewart.org/
217,Southeast Georgia Communities Project,912-526-5451,www.segcp.org
218,Pacific Gateway Center,808-851-7010,http://www.pacificgatewaycenter.org/
219,Goodwill Hawaii Immigrant Resource Center,808-836-0313,http://www.higoodwill.org/goodwill-programs/community-services/immigrant-services/
220,Catholic Charities of Idaho,208-345-6031,http://ccidaho.org/
221,World Relief Boise,208-323-4964,http://worldreliefboise.org/
222,Agency for New Americans,208-338-0033 ext 25,http://www.anaidaho.org/
223,Idaho Community Action Network (ICAN),208-385-9146 or 1-866-385-9146,www.idahocan.org
224,University of Idaho College of Law Immigration Law Clinic,208-885-2255,http://www.uidaho.edu/law/academics/practical-skills/clinics/immigration
225,Adult Learning Resource Center,847-378-6225,http://www.thecenterweb.org/alrc/esl.html
226,Southwest Suburban Immigrant Project,630-296-6755,http://ssipchicago.org/
227,Arab American Family Services,708-599-2237,http://www.arabamericanfamilyservices.org/
228,"Apna Ghar, Inc",773-883-4663,http://www.apnaghar.org/
229,Arab American Action Network,773-436-6060,http://www.aaan.org/
230,Assyrian National Council of Illinois,773-262-5589,http://www.ancil.org/
231,Cambodian Association of Illinois,773-878-7090,http://www.cai-nationalmuseum.org/
232,Centro de Trabajadores Unidos,773-297-3370,http://centrodetrabajadoresunidos.org/
233,Centro Romero,773-508-5300,www.centroromero.org
234,Chicago Irish Immigrant Support,773-282-8445,http://www.irishchicago.org/
235,Chicago Korean American Resource and Cultural Center (KRCC),773-588-9158,http://chicagokrcc.org/
236,Chicago Legal Clinic,773-731-1762,http://www.clclaw.org/about/
237,Chicago Religious Leadership Network on Latin America/Chicago New Sanctuary Coalition,773-293-3680,https://www.crln.org/
238,Chinese American Service League,312-791-0418,https://www.caslservice.org/
239,Chinese Mutual Aid Association,773-784-2900,http://www.chinesemutualaid.org/
240,Community Health Partnership of Illinois,312-795-0000,http://www.chpofil.org/
241,Communities United,773-583-1387,http://communitiesunited.org/
242,Council of Islamic Organizations of Greater Chicago,312-506-0070,http://www.ciogc.org/
243,Council on American-Islamic Relations,312-212-1520,http://www.cairchicago.org/
244,Ethiopian Community Association of Chicago,773-508-0303,http://www.ecachicago.org/home0.aspx
245,"Family Focus, Inc.",312-421-5200,http://www.family-focus.org/
246,Federacions de Clubes Michoacanos,312-491-9317,http://www.fedecmiusa.com/
247,Hanul Family Alliance - Chicago,773-478-8851,http://www.hanulusa.org/
248,Hebrew Immigrant Aid Society (HIAS),312-357-4666,http://hiaschicago.org/
249,Illinois Coalition for Immigrant and Refugee Rights (ICIRR),312-332-7360,www.icirr.org
250,Indo-American Center,773-973-4444,http://indoamerican.org/
251,Iraqi Mutual Aid Society,773-409-4597,http://www.iraqimutualaid.org/
252,Jewish Council On Urban Affairs,312-663-0960,http://www.jcua.org/page.aspx?pid=326
253,Korean American Community Services,773-583-5501,http://kacschicago.org/main/
254,Logan Square Neighborhood Association,773-384-4370,http://www.lsna.net/
255,Muslim Women's Resource Center,773-764-1686,http://www.mwrcnfp.org/
256,PODER ,312-226-2002,http://poderworks.org/
257,Erie Neighborhood House,312-563-5800,http://www.eriehouse.org/
258,Southwest Organizing Project,773-471-8208,http://swopchicago.org/
259,ENLACE Chicago,773-542-9233,http://www.enlacechicago.org/
260,The Resurrection Project,312-666-1323,http://resurrectionproject.org/
261,Polish American Association,773-282-8206,https://www.polish.org/en/
262,Alliance of Filipinos for Immigrant Rights and Empowerment,773-580-1025,http://www.afirechicago.org/
263,Mujeres Latinas en Accion,773-890-7676,http://mujereslatinasenaccion.org/
264,Refugee One,773-989-5647,http://www.refugeeone.org/
265,Instituto del Progreso Latino,773-890-0055,http://www.institutochicago.org/
266,SEIU-Local 1,877-233-8880,http://www.seiu1.org/
267,South-East Asia Center,773-989-6927,http://www.se-asiacenter.org/
268,St. Joseph Services,773-278-0484,http://stjosephservices.org/
269,Farmworker and Landscaper Advocacy Project,847-668-2114,www.flapillinois.org
270,United African Organization,312-949-9980,http://www.uniteafricans.org/
271,Vietnamese Association of Illinois,773-728-3700,http://hnvi.org/
272,Asian Americans Advancing Justice - Chicago,773-271-0899,http://www.advancingjustice-chicago.org/
273,Interfaith Committee for Detained Immigrants,708-297-4065,http://www.icdichicago.org/
274,Centro de Informacion,847-695-9050,http://www.centrodeinformacion.org/
275,Puentes de Esperanza,618-688-4727,http://hoyleton.org/puentes-de-esperanza/
276,Fenix Family Health Center,847-909-2004,http://www.fenixclinic.org/
277,PASO – West Suburban Action Project,708-410-2000,http://www.pasoaction.org/
278,Hanul Family Alliance - Mount Prospect,847-439-5195,http://www.hanulusa.org/
279,Hanul Family Alliance - Mundelein,847-393-7488,http://www.hanulusa.org/
280,Immigration Project,309-829-8703,http://www.immigrationproject.org/
281,Mano a Mano Family Resource Center,847-201-1521,http://www.manoamanofamilyresourcecenter.org/
282,East Central Illinois Refugee & Mutual Assistance Center,217-344-8455,http://ecirmac.weebly.com/
283,Hispanic American Community Education and Services,847-244-0300,http://www.haces.org/
284,Catholic Charities of Evansville,812-423-5456,http://www.charitiesevv.org
285,Sisters of Saint Benedict Immigration Outreach,812-367-1411 ext 2102,http://www.thedome.org
286,Catholic Charities of Fort Wayne-South Bend,260-422-5625,http://www.ccfwsb.org
287,International Institute/LACASA,219-980-4636,http://www.iilcnwi.org/index.html
288,"LaCasa, Inc",574-533-4450,http://www.lacasainc.net
289,National Immigrant Justice Center (Goshen Office),312-660-1370,http://www.immigrantjustice.org/
290,Catholic Charities of Indianapolis,317-236-1526,http://www.archindy.org/cc/indianapolis/index.html
291,Indiana Legal Services - Immigrants and Language Rights Center,317-631-9410,http://www.indianalegalservices.org
292,Neighborhood Christian Legal Clinic,317-429-4131,http://www.nclegalclinic.org
293,Hispanic Connection of Southern Indiana,812-944-0527,http://www.hispanicconnectionsi.com
294,Lafayette Urban Ministry Immigration Clinic,765-423-2691,http://www.lumserve.org
295,Immigrant Connection at Bridge Community Church,574-753-8316,http://www.thebridgelogansport.com
296,"La Casa de Amistad, Inc",574-233-2120,http://www.lacasadeamistad.org
297,Valparaiso University Immigration Clinic,219-465-7903,http://www.valpo.edu/law/current-students/c-academics/c-clinic-and-skill-based-learning/c-law-clinics
298,Catholic Charities of the Archdiocese of Dubuque ,319-364-7121,https://www.catholiccharitiesdubuque.org
299,Iowa Justice for Our Neighbors (Cedar Rapids Office),515-255-9809,http://www.iowajfon.org/#iowa-jfon
300,Diocese of Davenport - Immigration Services,563-324-1911,http://www.davenportdiocese.org
301,American Friends Service Committee - Legal Services Program,515-274-4851,https://www.afsc.org/program/iowa-immigrant-rights-program
302,U.S. Committee for Refugees and Immigrants (USCRI Des Moines),515-528-7525,http://refugees.org/field-office/des-moines/
303,Immigrant Rights Network of Iowa,515-402-6238,http://www.irnofiowa.org
304,Iowa Justice for Our Neighbors (Des Moines Office),515-255-9809,http://www.iowajfon.org/#iowa-jfon
305,Iowa Legal Aid,515-243-2980,http://www.iowalegalaid.org
306,Iowa Citizens for Community Improvement (ICCI),515-282-0484,www.iowacci.org
307,Catholic Charities of Archdioces of Dubuque - Immigration Legal Services,319-364-7121,https://www.catholiccharitiesdubuque.org
308,Diversity Service Center of Iowa,563-264-8883,https://sites.google.com/site/diversityservicecenterofiowa/
309,Iowa Justice for Our Neighbors (Columbus Junction Office),515-255-9809,http://www.iowajfon.org/#iowa-jfon
310,Iowa Justice for Our Neighbors (Decorah Office),515-255-9809,http://www.iowajfon.org/#iowa-jfon
311,Iowa Justice for Our Neighbors (Ottumwa Office),515-255-9809,http://www.iowajfon.org/#iowa-jfon
312,Iowa Justice for Our Neighbors (Storm Lake Office),515-255-9809,http://www.iowajfon.org/#iowa-jfon
313,Mary J. Treglia Community House,712-258-5137,http://marytreglia.org
314,University of Iowa College of Law - Immigration Clinical Program,319-335-9023,https://law.uiowa.edu/clinic
315,Internatl Rescue Committee- Garden City,620-805-5350,https://www.rescue.org/united-states/garden-city-ks
316,Catholic Charities of Northern Kansas (Hays Office) ,785-625-2644,http://www.ccnks.org/
317,Kansas City Public Library - Refugee and Immigrant Services,816-701-3587,https://www.kclibrary.org/services/immigrant-services
318,La Luz Clinic (Catholic Charities of Northeast Kansas),913-621-1504,https://catholiccharitiesks.org/la-luz-center/
319,Kansas/Missouri Dream Alliance (KSMODA),816965-3357,https://www.facebook.com/KSMODA
320,Catholic Charities of Northern Kansas (Manhattan Office),785-323-0644,http://www.ccnks.org/
321,"Immigrant Connection, Inc",913-210-1776,http://immigrantconnectioninc.org/
322,Catholic Charities of Northern Kansas (Salina Office) ,785-825-0208,http://www.ccnks.org/
323,Catholic Charities of Wichita,316-264-8344,http://www.catholiccharitieswichita.org/
324,International Rescue Committee- Wichita,316351-5495,https://www.rescue.org/united-states/wichita-ks
325,Sunflower Community Action,316-264-9972,http://sunfloweract.org/
326,Legal Aid of the Bluegrass - Ashland,877-295-4137,http://www.lablaw.org
327,AppalRed Legal Aid (Barbourville Office),606-546-5115,http://www.ardfky.org
328,Legal Aid of the Bluegrass - Covington,859-431-8200,http://www.lablaw.org
329,AppalRed Legal Aid (Hazard Office),606-439-2315,http://www.ardfky.org
330,Kentucky Refugee Ministries - Lexington,859-226-5661,http://www.kyrm.org
331,Legal Aid of the Bluegrass - Lexington,859-233-4556,http://www.lablaw.org
332,Maxwell Street Legal Clinic - Kentucky Equal Justice Center,859-233-3840,http://maxlegalaid.kyequaljustice.org
333,Catholic Charities of Louisville,502-637-9786,http://www.cclou.org
334,Kentucky Refugee Ministries - Louisville,502-479-9180 ext 586,http://www.kyrm.org
335,Americana Community Center,502-366-7813,http://americanacc.org/
336,Legal Aid of the Bluegrass - Morehead,606-784-8921,http://www.lablaw.org
337,AppalRed Legal Aid (Pikeville Office),606-437-3446,http://www.ardfky.org
338,AppalRed Legal Aid (Prestonsburg Office),606-886-3876,http://www.ardfky.org
339,AppalRed Legal Aid (Richmond Office),859-624-1394,http://www.ardfky.org
340,AppalRed Legal Aid (Somerset Office),606-679-7313,http://www.ardfky.org
341,Catholic Charities of the Diocese of Baton Rouge,225-336-8700,http://www.ccdiobr.org/programs/migration-and-refugee-services.html
342,Diocese of Lafayette Office of Migration and Refugee Services,337-261-5535,http://diolaf.org/migration-refugee-services
343,Catholic Charities Archdiocese of New Orleans ,504-457-3462,http://www.ccano.org/
344,Catholic Charities of Maine - Refugee and Immigration Services ,207-523-2793,http://www.ccmaine.org
345,Immigrant Legal Advocacy Project,207-780-1593,http://www.ilapmaine.org
346,Maine Access Immigrant Network,207-552-1800,http://main1.org
347,Maine People's Alliance,207-990-0672,www.mainepeoplesalliance.org
348,"Centro de los Derechos del Migrante, Inc.",410-783-0236,cdmigrante.org
349,CASA de Maryland,301-431-4185,http://wearecasa.org/
350,Massachusetts Immigrant and Refugee Advocacy Coalition (MIRA),617-350-5480,https://www.miracoalition.org/
351,Mayor's Office for Immigrant Advancement,617-635-2980,https://www.boston.gov/departments/immigrant-advancement
352,Irish International Immigrant Center,617-542-7654,http://www.iiicenter.org/
353,Student Immigrant Movement,N/A,http://www.simforus.com/
354,PAIR (Political Asylum/Immigration Representation Project),617-742-9296,http://pairproject.org/
355,Lawyers Committee for Civil Rights and Economic Justice,617-988-0624,www.lawyerscom.org
356,Greater Boston Legal Services,617-603-1808,www.gbls.org
357,Catholic Charities of Massachusetts,617-482-5440,http://www.ccab.org/refugee-services
358,International Institute of New England,617-695-9990,http://iine.org/
359,Refugee and Immigrant Assistance Center,617-238-2430,http://www.riacboston.org/
360,Centro Presente,857-256-2981,http://www.cpresente.org/
361,Immigrant Learning Center,781-322-9777,http://www.ilctr.org/
362,Berkshire Immigrant Center,413-445-4881,http://berkshireic.com/
363,Enroot,617-876-5214,www.enrooteducation.org
364,U.S. Committee for Refugees and Immigrants (USCRI Detroit),313-581-4420,http://refugees.org/field-office/detroit/
365,The International Institute of Metropolitan Detroit,313-871-8600,www.iimd.org
366,Michigan United,877-507-7774,http://www.miunited.org/
367,Migrant Legal Aid,616454-5055,www.migrantlegalaid.com
368,Welcoming Michigan,269-492-7196,http://welcomingmichigan.org/
369,Michigan Immigrant Rights Center,734-239-6863,http://michiganimmigrant.org/
370,Michigan Coalition for Immigrant and Refugee Rights,N/A,http://www.mcirr.org/contact-us.html
371,American Citizens for Justice/Asian American Center for Justice,248-347-1663,http://www.americancitizensforjustice.com/
372,United Cambodian Association of Minnesota - Mendota,651-222-3299,http://ucamn.org/
373,Battered Women's Legal Advocacy Project,612-343-9842,http://www.bwlap.org
374,Lutheran Social Service of Minnesota - Refugee Services,612-879-5263,http://www.lssmn.org
375,"Mid-Minnesota Legal Aid - Immigration Law Project, Minneapolis",612-332-1441,http://www.mylegalaid.org
376,"Minnesota Council of Churches - Refugee Services, Minneapolis",612-874-8605,http://www.mnchurches.org
377,Park Avenue Legal Clinic - Minneapolis,612-825-6864 ext 564,http://www.vlnmn.org
378,The Advocates for Human Rights - Minneapolis,612-341-9845,http://www.theadvocatesforhumanrights.org
379,University of Minnesota - Detainee Rights Clinic,612-301-1156,https://www.law.umn.edu/course/7844/detainee-rights-clinic
380,Volunteer Lawyers Network - Minneapolis,612-752-6677,http://vlnmn.org
381,Arrive Ministries,612-243-2961,http://www.arriveministries.org
382,Southern Minnesota Regional Legal Services - Rochester,507-289-6199,http://www.smrls.org
383,Mid-Minnesota Legal Aid (St. Cloud Office),320-253-0121,http://www.mylegalaid.org/poverty-law/st-cloud-area-legal-services
384,University of NM School of Law - Community Lawyering Clinic - Albuquerque,952-697-1365,http://www.capsh.org
385,Civil Society - St. Paul,651-291-0713,http://civilsocietyhelps.org
386,Immigrant Law Center of Minnesota (St. Paul office),651-641-1011,http://www.ilcm.org
387,International Institute of Minnesota,651-647-0191,http://www.iimn.org
388,New American Alliance for Development - St. Paul,651-645-5828,http://newamericansalliance.org
389,Southern Minnesota Regional Legal Services - St. Paul,651-291-2837,http://www.smrls.org
390,Mid-Minnesota Legal Aid (Willmar Office),320-235-9600,http://www.mylegalaid.org
391,Immigrant Law Center of Minnesota (Worthington Office),651-641-1011,http://www.ilcm.org
392,Catholic Charities of Jackson - Immigration Clinic,601-948-2635,http://www.catholiccharitiesjackson.org
393,Mississippi Immigrants Rights Alliance (Jackson Office),601-354-9355 ext 3,http://www.yourmira.org
394,El Pueblo,228-436-3986,https://elpueblo-ms.org
395,Mississippi Immigrants Rights Alliance (Biloxi Office),228-386-5164,http://www.yourmira.org
396,Bi-Lingual International Assistant Services (St. Louis Office),314-645-7800,http://www.bilingualstl.org
397,Catholic Charities of St. Louis - Catholic Immigration Law Project,314-977-7282,https://sfcsstl.org/locations/clam/
398,International Institute of St. Louis,314-773-9090,http://www.iistl.org
399,Legal Services of Eastern Missouri - Immigration Law Project (St. Louis Office),314-256-8741,http://www.lsem.org
400,Migrant and Immigrant Community Action Project,314-995-6995,http://www.mica-project.org
401,Missouri Immigrant and Refugee Advocates,314-669-1288,http://www.mira-mo.org
402,"Catholic Charities of Central and Northern Missouri, Diocese of Jefferson City - Refugee & Immigration Services",573-632-0017,http://cccnmo.org
403,Immigration Professionals,816-221-2277,http://www.immigrationprofessionals.us
404,Jewish Vocational Service,816-471-2808,http://www.jvskc.org
405,Legal Aid of Western Missouri (Kansas City West Office),816-474-9868,http://lawmo.org
406,The Clinic,816-994-2300,http://theclinickc.org
407,InterServ - Immigrant Services Program,816-232-7779 ext 228,http://www.faithfullyserving.org
408,Montana Immigrant Justice Alliance,406-282-1492,http://www.mija.org/
409,Montana Organizing Project (MOP),406-360-9932,https://www.facebook.com/montanaorganizingproject/
410,Centro Hispano Comunitario de Nebraska - Columbus,402-564-2110,http://www.centrohispanos.com
411,Lutheran Family Services - Lutheran Immigration Services - Grand Island,308-382-4255,http://www.lfsneb.org/community/immigration.asp
412,Saint Mary's Immigration Program - Grand Island,308-381-2855,http://www.smiplegal.com
413,Lutheran Family Services - Welcome Center - Lexington,308-324-2312 ext 31,http://www.lfsneb.org
414,Catholic Social Services of Southern Nebraska - Lincoln,402-474-1600,http://www.cssisus.org
415,Nebraska Appleseed ,402-438-8853,https://neappleseed.org/
416,University of Nebraska College of Law - Immigration Clinic,402-472-3271,http://law.unl.edu
417,Catholic Charities of Omaha,402-939-4615,http://www.ccomaha.org/what-we-do/immigration-legal-assistance.html
418,Justice for Our Neighbors Nebraska - Omaha,402-898-1349,http://www.jfon-ne.org
419,Lutheran Family Services - Omaha,402-536-3529,http://www.lfsneb.org/community/immigration.asp
420,Progressive Leadership Alliance of Nevada (PLAN),702-791-1965,http://www.planevada.org
421,Hermandad Mexicana,702-598-0052,www.hermandadlasvegas.org
422,Mexican Consulate,501-264-5280,www.consulmex2.sre.gob.mx
423,Nevadans for the Common Good,N/A,www.nevadansforthecommongood.org
424,UNLV Immigration Clinic,702-895-2675,https://law.unlv.edu/clinics
425,Culinary Workers Union Local 226,702-385-2131,http://www.culinaryunion226.org/union/contact
426,Legal Aid Center of Southern NV,702-386-1070,http://www.lacsn.org/contact-us
427,New Hampshire Alliance for Immigrants and Refugees,617-350-5480,https://miracoalition.org/en/home/52-nh-alliance-of-immigrants-and-refugees/113-about-nh-mira
428,Organization for Refugee and Immigrant Success,603-296-0443,http://refugeesuccess.org/
429,Catholic Charities of New Hampshire,603-669-3030,https://www.cc-nh.org/immigrationrefugee
430,Welcoming all Nationalities Network of the Upper Valley,603-795-2155,http://www.wiseuv.org/wise-support.html#wann
431,New Hampshire Alliance for Immigrant Rights (NHAIR-MIRA),617-350-5480,https://miracoalition.org/en/home/52-nh-alliance-of-immigrants-and-refugees/113-about-nh-mira
432,"African Hispanic Immigration Organization, Inc. (Newark Office)",973-370-0907,http://ahiolaw.org
433,American Friends Service Committee - Immigrant Rights Program (Newark Office),973-643-1924,http://afsc.org/program/immigrant-rights-program-newark-nj
434,Catholic Charities of the Archdiocese of Newark - Bishop Francis Center for Immigration Legal Services,973-733-3516,http://www.ccannj.com
435,La Casa De Don Pedro - Center II,973-481-4568,http://www.lacasanwk.org
436,Rutgers-Newark Immigrant Rights Clinic,973-353-5292,https://www.immigrationadvocates.org/nonprofit/legaldirectory/organization.420514-RutgersNewark_Immigrant_Rights_Clinic
437,"African Hispanic Immigration Organization, Inc. (Pennsauken)",973-370-0907,http://ahiolaw.org 
438,Camden Center for Law and Social Justice (Atlantic City Office),856-583-2950,http://www.cclsj.org
439,Catholic Charities of Camden - Immigration Services (Atlantic City Office),609-345-7737,http://www.catholiccharitiescamden.org
440,Camden Center for Law and Social Justice - Immigration Services (Camden Office),856-583-2950,http://www.cclsj.org
441,Catholic Charities of Camden - Immigration Services (Camden Office),856-342-4161,http://www.catholiccharitiescamden.org
442,Casa Esperanza,732-748-1111,http://www.casaesperanzanj.com
443,Catholic Charities of Metuchen - Immigration Services (New Brunswick Office),732-214-8743,http://www.ccdom.org/immigration/immigration-program
444,Catholic Charities of Metuchen - Immigration Services (Perth Amboy Office),732-324-8200,http://www.ccdom.org
445,Catholic Charities of Metuchen - Immigration Services (Phillipsburg Office),908-777-3730,http://www.ccdom.org
446,Catholic Charities of Paterson - Legal Services Department,973-279-7100,http://www.catholicharities.org/index.php?option=com_content&view=frontpage&Itemid=1
447,Catholic Charities Trenton - Immigration Legal Assistance (Lakewood Office),732-363-5322,http://www.catholiccharitiestrenton.org 
448,Church World Service (Jersey City Office),201-659-0467,http://www.cwsglobal.org 
449,El Centro de Recursos para Familias of Catholic Charities,609-394-2056,http://www.catholiccharitiestrenton.org
450,"Latin American Legal Defense and Education Fund, Inc.",609-688-0881,http://www.laldef.org
451,Lutheran Social Ministries of New Jersey - Immigration and Refugee Services,609-393-4900,http://www.lsmnj.org
452,El Centro Hispanoamericano,908-753-8730,http://www.elcentronj.org
453,El Comite de Apoyo a los Trabajadores Agrícolas (Glassboro Office),856-881-2507,http://www.cata-farmworkers.org
454,Immigration and American Citizenship Organization,973-472-4648,http://www.iacoimmigration.org 
455,Jewish Family Services of Middlesex County (Milltown Office),732-777-1940,http://www.jfvs.org
456,Kids in Need of Defense (Newark Office),862-926-2080,https://supportkind.org
457,Legal Services of New Jersey - Immigration Representation Project,888-576-5529,http://www.lsnj.org
458,Make the Road NJ,908-768-4991,http://www.maketheroadnj.org/
459,Wind of the Spirit Immigrant Resource Center,973-538-2035,http://windofthespirit.net/
460,UndocuJersey,N/A,https://www.facebook.com/undocuJersey/?ref=py_c
461,First Friends of NJ & NY,908-965-0465,www.firstfriendsnjny.org
462,New Mexico Immigrant Law Center (NMILC),505-247-1023,http://nmilc.org/
463,Catholic Charities of Albuquerque,505-247-0442,https://www.ccasfnm.org
464,Univeresity of NM School of Law - Community Lawyering Clinic - Albuquerque,505-277-5265,http://lawschool.unm.edu/clinic/clinic-sections/community/index.php
465,El Centro de Igualdad y Derechos,505-246-1627,http://elcentronm.org/
466,Catholic Charities of Gallup,505-325-3734 or 505-722-4407,http://catholiccharitiesgallup.com
467,Casa Reina Sisters of Our Lady of Guadalupe and St. Joseph - Gallup,505-722-5511,N/A
468,Catholic Charities of Las Cruces,575-527-0500,http://www.catholiccharitiesdlc.org/home.aspx
469,New Mexico Comunidades en Acción y Fe,575-618-6228,http://www.organizenm.org/
470,Catholic Charities of Santa Fe,505-424-9789,https://www.ccsafnm.org
471,Santa Fe Dreamers Project,505-490-2789,http://www.santafedreamersproject.org/
472,Somos Un Pueblo Unido  (SOMOS),505-424-7832,http://www.somosunpueblounido.org/somos-un-pueblo-unido.html
473,U.S. Committee for Refugees and Immigrants (USCRI Albany),518-459-1790,http://refugees.org/field-office/albany/
474,Global Workers Justice Alliance,646-351-1160,http://www.globalworkers.org/
475,Jericho Road Community Health Center,716-348-3000,http://www.jrchc.org/
476,"Journey’s End Refugee Services, Inc.",716-882-4963,http://www.jersbuffalo.org/
477,International Institute of Buffalo,716-883-1900,http://www.iibuff.org/index.php?submenu=AboutUs&src=gendocs&ref=AboutUs&category=Main
478,Vive Shelter by Jericho Road Community Health Center,716-348-3000,http://www.jrchc.org/vive/
479,Family and Children's,516-485-4600 ext 1267,https://www.familyandchildrens.org/
480,The Central American Resource Center,516-489-8330 and 631-273-8721,http://www.carecenny.org/home
481,Make the Road NY,718-418-7690,maketheroadny.org
482,Sanctuary for Families,N/A,www.sanctuaryforfamilies.org
483,Emerald Island Immigration Center,718-478-5502 or 718-324-3039,http://eiic.org/
484,Cabrini Immigrant Services of New York City,212-791-4590,http://cis-nyc.org/
485,MinKwon Center for Community Action,718-460-5600,http://minkwon.org/
486,Safe Passage Project,212-324-6558,www.safepassageproject.org
487,New Women New Yorkers,646-847-9560,www.nywomenimmigrants.org
488,Arab American Association of New York,718-745-3523,http://www.arabamericanny.org/about-us/
489,The Migrant Center at the Church of Saint Francis de Assisi,212-736-8500,http://www.stfrancisnyc.org/migrantcenter/
490,Atlas: DIY,347-599-1641,http://www.atlasdiy.org/
491,Asylum Seekers Advocacy Project,N/A,https://asap.urbanjustice.org/
492,Teach DREAM,N/A,https://teachdreamnyc.com/
493,African Services Committee ,212-222-3882,http://www.africanservices.org/
494,African Communities Together,347746-2281,http://www.africans.us/
495,Haitian Women for Haitian Refugees,718-462-079,https://haitianrefugees.org/
496,Queer Detainee Empowerment Project,347-645-9339,qdep.org
497,Northern Manhattan Coalition for Immigrant Rights (NMCIR),212-781-0355,http://nmcir.org/
498,The Black Institute,212871-6899,www.theblackinstitute.org
499,"UnLocal, Inc.",646-216-8210,www.unlocal.org
500,Rural & Migrant Ministry,845-485-8627,http://www.ruralmigrantministry.org/
501,Worker Justice Center of New York,585-325-3050,www.wjcny.org
502,Chhaya Community Development Corporation,718-478-3848,chhayacdc.org
503,New York State Youth Leadership Council,646-820-9521,https://www.nysylc.org/
504,New York Immigration Coalition,212-627-2227,nyic.org
505,Latin American Coalition,704-531-3848,http://www.latinamericancoalition.org/
506,Southeast Asian Coalition (SEAC),704-531-3853,www.seacvillage.org
507,Latin American Coalition,	704-531-3848,http://www.latinamericancoalition.org
508,International House,704-405-0962,http://www.ihclt.org/index.php
509,"Carolina Refugee Resettlement Agency
",704-535-8803, http://www.carolinarefugee.org
510,U.S. Committee for Refugees and Immigrants (USCRI North Carolina),919-334-0072,http://refugees.org/field-office/north-carolina/
511,CIR,919-322-0360,http://www.ciraleigh.org
512,Catholic Charities Diocese of Charlotte ,828-255-0146,http://www.ccdoc.org
513,"JusticeMatters, Inc.",919-794-7511,http://justicemattersnc.org
514,"Holy Cross Catholic Church - Ministerio Hispano
",336-996-5604,http://www.ilashc.org
515,"Elon University School of Law, Humanitarian Immigration Law Clinic
",336-279-9299,http://www.elon.edu/e-web/law/academics/Immigration%20Clinic.xhtml
516,Center for New North Carolinians,336-256-1062,https://cnnc.uncg.edu
517,"Catholic Charities of Winston-Salem
",336-727-0705,http://www.ccdoc.org
518,Lutheran Social Services of North Dakota - Immigration Services,701-235-7341,http://www.lssnd.org/what-we-do/humanitarian-work/new-americans/nas-overview.html
519,"Refugee, Immigrant, and Migrant Services - Moorhead",701-232-8872,http://www.smrls.org/contact-us/locations/
520,U.S. Committee for Refugees and Immigrants (USCRI Cleveland),216-781-4560,http://refugees.org/field-office/cleveland/
521,"Asian Services In Action, Inc. (ASIA)",216-881-0330,http://www.asiaohio.org
522,Legal Aid Society of Cleveland,216-687-1900,https://lasclev.org/
523,Cleveland Jobs with Justice,440-333-7007,http://www.clevelandjwj.org
524,InterReligious Task Force on Central America,216-961-0003,http://www.irtfcleveland.org/
525,Advocates for Basic Legal Equality,800-837-0814,http://www.ablelaw.org
526,Catholic Charities of Ashtabula - Legal Immigration Services,330-297-7250,http://www.catholiccharitiesyoungstown.org/ccdoy-legalimmigration.html
527,Centro San Jose El Trabajador - Immigrant Worker Project,330-454-2220,http://iwpohio.org/english_version/program.htm
528,Community Legal Aid,330-983-2619,http://www.communitylegalaid.org
529,Immigration Counseling Services,614-259-5322,http://www.vineyardcommunitycenter.org
530,Sisters of St. Francis - Project Hope/Proyecto Esperanza,419-445-0728,http://tiffinfranciscans.org
531,DreamActivist Ohio,N/A,http://daohio.org/
532,Lorain Ohio Immigrant Rights Association (LOIRA),440-522-3026,https://www.facebook.com/LorainOhioImmigrantsRightsAssociation/
533,Legal Aid Services of Oklahoma (Ada Office),580-332-7141,http://www.legalaidok.org/law-offices
534,Catholic Charities Archdiocese of Oklahoma City (Ardmore Office),580-798-2305,http://catholiccharitiesok.org/regional-offices
535,Legal Aid Services of Oklahoma (Ardmore Office),580-226-4863 or 800-421-8007,http://www.legalaidok.org/law-offices
536,Legal Aid Services of Oklahoma (Altus Office),580-482-7431 or 1-800-421-8016,http://www.legalaidok.org/law-offices
537,Legal Aid Services of Oklahoma (Bartlesville Office),918-336-5736 or 1-800-421-4066,http://www.legalaidok.org/law-offices
538,Catholic Charities Archdiocese of Oklahoma City (Clinton Office),580-323-6363,http://catholiccharitiesok.org/regional-offices
539,Catholic Charities Archdiocese of Oklahoma City (Enid Office),580-237-7352,http://catholiccharitiesok.org/regional-offices
540,Catholic Charities Archdiocese of Oklahoma City (Guymon Office),580-468-0904,http://catholiccharitiesok.org/regional-offices
541,Legal Aid Services of Oklahoma (Guymon Office),580-338-3868 or 877-756-7588,http://www.legalaidok.org/law-offices
542,Legal Aid Services of Oklahoma (Hugo Office),580-326-9655 or 1-800-299-9655,http://www.legalaidok.org/law-offices
543,Legal Aid Services of Oklahoma (Lawton Office),580-248-4675 or 1-800-850-5950,http://www.legalaidok.org/law-offices
544,Legal Aid Services of Oklahoma (McAlester Office),918-423-2030 or 888-423-2033,http://www.legalaidok.org/law-offices
545,Legal Aid Services of Oklahoma (Muskagee Office),918-683-5681 or 1-800-725-5681,http://www.legalaidok.org/law-offices
546,Legal Aid Services of Oklahoma (Norman Office),405-360-6631 or 1-800-421-4057,http://www.legalaidok.org/law-offices
547,Hispanic American Mission,405-272-0890,https://www.facebook.com/pages/Hispanic-American-Mission/154927581209714
548,Catholic Charities Archdiocese of Oklahoma City,405-523-3000,http://catholiccharitiesok.org/Immigration
549,Hispanic Equal Legal Protection,405-708-9521,N/A
550,Legal Aid Services of Oklahoma - Oklahoma City,405-521-1302 or 1-800-421-1641,http://www.legalaidok.org/law-offices
551,Oklahoma Department of Libraries,405-521-2502,http://libraries.ok.gov/literacy/immigration-citizenship-services/
552,Legal Aid Services of Oklahoma (Poteau Office),918-647-8136 or 1-800-299-8136,http://www.legalaidok.org/law-offices
553,Legal Aid Services of Oklahoma (Shawnee Office),405-275-6870 or 1-800-421-8017,http://www.legalaidok.org/law-offices
554,Legal Aid Services of Oklahoma (Stillwater Office),405-624-1734 or 1-800-256-9601,http://www.legalaidok.org/law-offices
555,Legal Aid Services of Oklahoma (Tallequah Office),918-708-1150 or 888-993-2615,http://www.legalaidok.org/law-offices
556,Catholic Charities Diocese of Tulsa,918-949-4673,https://cctulsa.org/
557,Legal Aid Services of Oklahoma (Tulsa Office),918-584-3338 or 1-800-299-3338,http://www.legalaidok.org/law-offices
558,YWCA Tulsa,918-587-2100,https://www.ywcatulsa.org/pages/overview_9/
559,University of Tulsa - College of Law - Tulsa Immigrant Resource Network (TIRN),918-631-5799,https://law.utulsa.edu/academics/legal-clinics/immigrant-rights-project/
560,Legal Aid Services of Oklahoma (Weatherford Office),580-774-2235 or 800-256-1978,http://www.legalaidok.org/law-offices
561,Legal Aid Services of Oklahoma (Woodward Office),918-708-1150 or 888-993-2615,http://www.legalaidok.org/law-offices
562,Immigration Counseling Service - Hood River,541-399-8029,http://www.ics-law.org
563,Lutheran Community Services Northwest - McMinnville,503-472-4020 ext 212 or 503-472-4020 ext 231,http://www.lcsnw.org
564,Center for Non-profit Legal Services - Medford,541-779-7292,http://www.cnpls.org/
565,Medford First Church of the Nazarene - Oregon Pacific Immigration & Social Services,541-779-7777,http://opiss.org
566,Oregon Law Center - Ontario,541-889-3121,http://www.oregonlawcenter.org
567,Catholic Charities of Portland,503-542-2855,http://www.catholiccharitiesoregon.org
568,Immigration Counseling Service - Portland,503-221-1689,http://www.ics-law.org
569,Lutheran Community Services Northwest - Portland,503-231-7480,http://www.lcsnw.org
570,Sponsors Organized to Assist Refugee (Ecumenical Ministries) - Portland,503-384-2482,http://www.soarlegal.org
571,United Services for Counseling - Portland,503-698-4929,http://www.uscounseling.org
572,Interfaith Movement for Immigrant Justice,503-550-3510,IMIrJ.org
573,Somos Hispanas Unidas Silverton,503-873-7114,http://www.somoshispanasunidas.org
574,Centro de Servicios para Campesinos - Woodburn,503-982-0243,http://www.pcun.org
575,Voz Hispana Cambio Comunitario,503-269-5694,https://www.facebook.com/VozdelInmigranteLatinoenOregon/
576,Pineros y Campesinos Unidos del Noroeste (PCUN),503-982-0243,http://www.pcun.org/
577,Causa Oregon (CAUSA),503-409-2473 or 855-884-2287,http://causaoregon.org/
578,U.S. Committee for Refugees and Immigrants (USCRI Erie),814-452-3935,http://refugees.org/field-office/erie/
579,Multicultural Community Resource Center,814-455-0212,http://www.mcrcerie.org/
580,Juntos,215-218-9079,www.vamosjuntos.org
581,New Sanctuary Movement,215-279-7060,http://sanctuaryphiladelphia.org/
582,"Africa Cultural Alliance of North America, Inc.",215-729-8225,http://www.acanaus.org
583,Esperanza Immigration Legal Services,215-324-0746,http://www.esperanza.us/eils
584,Pennsylvania Immigration and Citizenship Coalition (PICC),215-832-0636,www.paimmigrant.org
585,"Acculturation for Justice, Access & Peace Outreach",412-391-4985,http://.www.ajapopittsburgh.org
586,Jewish Family & Children's Service - Legal Services for Immigrants and Internationals,412-521-1737,http://www.jfcspgh.org
587,Catholic Charities of Allentown,610-435-1541,http://www.allentowndiocese.org/catholic-charities/immigration-services
588,"Catholic Charities of Scranton
",570-207-2283,http://cssdioceseofscranton.org/content
589,Church World Service - Immigration Legal Services Program (Lancaster Office),717-358-9728,http://cwslancaster.org/
590,International Service Center - Immigration Services,717-236-9401,http://www.isc76.org
591,Pennsylvania Immigration Resource Center,717-600-8099,http://www.pirclaw.org
592,Make the Road Pennsylvania,N/A,http://www.maketheroadpa.org/
593,CASA de Pennsylvania,717-219-7974,http://wearecasa.org/
594,Progreso Latino,401-728-5920,http://www.progresolatino.org/
595,Dorcas International Institute of Rhode Island,401-784-8600,http://www.diiri.org/
596,Sojourner House,401-861-6191,http://www.sojournerri.org/immigration/
597,Catholic Charities of Providence,401-421-7833 ext 229,http://www.dioceseofprovidence.org/immigration-refugee-services
598,South Carolina Appleseed Legal Justice Center,803-779-1113,http://scjustice.org/our-work/policy-areas/immigration/
599,South Carolina Legal Services (Columbia Office),803-799-9668,http://www.sclegal.org
600,South Carolina Victim Assistance Network - Immigrant Victim Network (Columbia Office),803-750-1200,http://www.scvan.org
601,Immigrant Connection - Greenville Multicultural Church,864-295-0945,https://greenvillemulticultural.com/immigrant-legal-services-clinic/
602,Immigrant Connection at Iglesia Wesleyana El Camino (Spanish site),864-520-1151,http://www.elcamin.webs.com
603,South Carolina Legal Services (Greenville Office),864-679-3232,http://www.sclegal.org
604,South Carolina Victim Assistance Network - Immigrant Victim Program (Greenville Office),803-750-1200,http://www.scvan.org
605,South Carolina Legal Services (Charleston Office),843-720-7044,http://www.sclegal.org
606,South Carolina Legal Services (Conway Office),843-381-8182,http://www.sclegal.org
607,South Carolina Legal Services (Florence Office),843-413-9500,http://www.sclegal.org
608,South Carolina Legal Services (Greenwood Office),864-223-4879,http://www.sclegal.org
609,South Carolina Legal Services (Orangeburg Office),803-533-0116,http://www.sclegal.org
610,South Carolina Legal Services (Rock Hill Office),864-679-3232,http://www.sclegal.org
611,South Carolina Legal Services (Spartanburg Office),864-582-0369,http://www.sclegal.org
612,LSS-SD Center for New Americans,605-731-2000,http://www.LssSd.org
613,Sisters of the Presentation of the Blessed Virgin Mary - Caminando Juntos,605-274-3735,http://www.presentationsisters.org
614,Catholic Charities of East Tennessee (Chattanooga Office),423-826-0663,http://ccetn.org/programs-2/outreach/office-of-immigrant-services/
615,Legal Aid Society of Middle Tennessee and the Cumberlands,1-800-238-1443,http://www.las.org/
616,Legal Aid Society of Middle Tennessee and the Cumberlands,931-381-5533,http://www.las.org/
617,Legal Aid Society of Middle Tennessee and the Cumberlands,931-528-7436,http://www.las.org/
618,Legal Aid Society of Middle Tennessee and the Cumberlands,615-451-1880,http://www.las.org/
619,Catholic Charities of East Tennessee (Knoxville Office),865-971-3550,http://ccetn.org/programs-2/outreach/office-of-immigrant-services/
620,Mid-South Immigration Advocates,901-244-4367,http://miamemphis.org/our-services/
621,Latino Memphis,901-366-5882,http://www.latinomemphis.org
622,Community Legal Center,901-543-3395,http://clcmemphis.com
623,Catholic Charities of West Tennessee (Memphis Office),901-722-4700,http://www.ccwtn.org/
624,World Relief Memphis,901-341-0220,http://worldreliefmemphis.org/
625,Legal Aid Society of Middle Tennessee and the Cumberlands,615-890-0905,http://www.las.org/
626,American Association of Refugee & Immigrant Women,615-823-5464,http://aariw.org/contacts.php
627,Casa Azafran,615-833-0384,http://www.casaazafran.org/
628,Justice for Our Neighbors,615-454-6185,http://www.tnjfon.org/
629,Texas Rio Grande Legal Aid (Tennessee Office),615-750-1200,http://www.trla.org/about/who-we-are
630,Legal Aid Society of Middle Tennessee and the Cumberlands - Nashville,615-244-6610,http://www.las.org/
631,Catholic Charities of Tennessee (Nashville Office),615-352-3087,http://www.cctenn.org
632,Tennessee Coalition to End Domestic & Sexual Violence,615-386-9406,http://www.tncoalition.org/about-us
633,Conexion Americas,615-320-5152,http://www.conexionamericas.org/
634,Tennessee Immigrant and Refugee Rights Coalition (TIRRC),615-833-0384,http://www.tnimmigrant.org/citizenship/
635,Legal Aid Society of Middle Tennessee and the Cumberlands - Oak Ridge,865-483-8454,http://www.las.org/
636,League of Women Voters of Oak Ridge,N/A,http://lwvoakridge.org/immigration.html
637,Catholic Charities of East Tennessee (Tri-Cities Office) ,423-328-0070 ext 104,http://ccetn.org/programs-2/outreach/office-of-immigrant-services/
638,Legal Aid Society of Middle Tennessee and the Cumberlands - Tullahoma,931-455-7000,http://www.las.org/
639,LUPE,N/A,http://lupenet.org/
640,American Gateways,512-478-0546,http://www.americangateways.org/
641,Grassroots Leadership,N/A,http://grassrootsleadership.org/
642,University Leadership Initiative,512-471-1211,http://universityleadershipinitiative.org/
643,Las Americas,512-535-0765,http://cinelasamericas.org/
644,Casa Marianella,512-385-5571,http://www.casamarianella.org/
645,Bernardo Kohler Center,512-831-4272,http://bernardokohler.org/
646,National Latina Institute for Reproductive Health - Texas Latina Advocacy Network,202-621-1435,http://latinainstitute.org/en/texas
647,UT Immigration Law Clinic,512-232-1292,https://law.utexas.edu/clinics/immigration/course-info/about/
648,Equal Justice Center,512-474-0007,http://www.equaljusticecenter.org/
649,Refugee Services of Texas,512-472-9472,http://www.rstx.org/
650,Loaves & Fishes,512-328-7299,http://mlf.org/
651,Multi Cultural Refugee Coalition ,N/A,http://www.mrcaustin.org/
652,Amnesty International at University of Texas,N/A,https://texasamnestyinternational.com/about/
653,Texas Civil Rights Project,512-474-5073,https://www.texascivilrightsproject.org/en/
655,Caritas,512-479-4610,http://www.caritasofaustin.org/
656,Texas Rio Grande Legal Aid,512-374-2700,http://www.trla.org/
657,"MOSAIC, Dallas",214-821-5393,http://mosaicservices.org/
658,Latino CLD,469-744-5313,http://www.latinocld.com/
659,Workers Defense Project,512-391-2305,http://www.workersdefense.org/
660,North Texas Dream Team,877-686-6838,http://www.northtexasdreamteam.org/
661,UTRGV Minority Affairs Council,N/A,https://www.facebook.com/pg/MinorityAffairsCouncil/about/?ref=page_internal
662,Annunciation House,N/A,https://annunciationhouse.org/
663,Border Network for Human Rights,915-577-0724,http://bnhr.org/
664,Movimiento Del Valle Por Los Derechos Humanos ,956-465-6872,https://www.facebook.com/Movimiento-Del-Valle-Por-Los-Derechos-Humanos-572617596112347/
665,Chinese Community Center,713-271-6100,www.ccchouston.org
666,FIEL,713-364-3435,https://fielhouston.org/
667,Youth Empowerment Alliance,713-884-7440,http://uhyea.org/
668,Boat People SOS,832-300-5553,www.bpsoshou.org 
669,United We Dream (Houston),713-863-1422,http://unitedwedream.org/
670,Neighborhood Centers,713-315-6400,http://www.neighborhood-centers.org/
671,Bilingual Education Institute ,713-789-4555,http://www.bei.edu/
672,YMCA International,713-339-9015,http://www.ymca.int/
673,PAIR (Political Asylum/Immigration Representation Project),713-771-1111,http://www.pairhouston.org/
674,Tahirih Justice Center,713-496-0100,http://www.tahirih.org/locations/houston/
675,Plant it Forward,713-432-0754,http://plant-it-forward.org/
676,UNICEF,713-963-9390,https://www.unicefusa.org/about/offices/houston
677,Syrian American Club,713-266-5577,http://www.syrianamericanclub.com/
678,Kurdish American Foundation,N/A,http://www.kurdafh.org/
679,African Law Center,281-624-6421,http://www.africanlawcenter.org/
680,The Community Cloth ,N/A,http://www.thecommunitycloth.org/
681,Echoes,713-270-0369,http://echos-houston.org/
682,ACLU of Texas,713-942-8146,https://www.aclutx.org/
683,Texas Organizing Project (TOP),832-582-0061,http://organizetexas.org/
684,Aqui Estamos RGV,956-332-3858,http://www.aquiestamosrgv.org/
685,Rio Grande Valley Equal Voice Network,956-5070595,http://rgvequalvoicenetwork.blogspot.com/
686,MALDEF,210-224-5476,http://www.maldef.org/about/offices/southwest/
687,RAICES,210-226-7722,https://www.raicestexas.org/
688,Utah Legal Services - Ogden,801-394-9431 or Toll Free 800-662-4245,http://www.utahlegalservices.org/
689,Utah Legal Services - Provo,801-374-6766 or Toll Free 800-662-4245,http://www.utahlegalservices.org/
690,Catholic Community Services of Utah - Immigration & Refugee Resettlement,801-977-9119,http://www.ccsutah.org/programs/refugees/immigration
691,Holy Cross Ministries of Utah - Immigration Services,801-261-3496,http://www.holycrossministries.org
692,Immigrant Legal Services (ILS),801-888-9186,http://www.immigrantlegalservices.org
693,International Rescue Committee (Salt Lake City Office),801-883-8452 or 801-328-1091 ext 452,http://www.rescue.org
694,Refugee & Immigrant Center - Asian Association of Utah,801-467-6060,http://aau-slc.org/
695,Utah Legal Services - Salt Lake City (at the Community Legal Center) ,801-328-8891 or Toll Free 800-662-4245,http://www.utahlegalservices.org/
696,Utah Legal Services - St. George (at the Southern Utah Community Legal Center),435-628-1604 or Toll Free 800-662-4245,http://www.utahlegalservices.org/
697,Comunidades Unidas / Communities United,801-487-4143,http://www.cuutah.org
698,Migrant Justice (Justicia Migrante),802-658-6770,http://www.migrantjustice.net
699,U.S. Committee for Refugees and Immigrants (USCRI Vermont Refugee Resettlement Program),802-655-1963,http://refugees.org/field-office/vermont/
700,South Royalton Legal Clinic,802-831-1000,http://www.vermontlaw.edu/academics/clinics-and-externships/south-royalton-legal-clinic
701,The Dream Project,703-254-6779,http://www.dreamproject-va.org/
702,Legal Aid Justice Center,703-778-3450,https://www.justice4all.org/
703,Virginia Coalition of Latino Organizations,703-772-1555,http://vacolao.org/
704,Just Neighbors,703-979-1240,http://www.justneighbors.org/
705,Virginia Coalition for Immigrant Rights,202-509-1497,www.VirginiaImmigrantRights.org
706,CASA de Virginia,571-421-2220,http://wearecasa.org/
707,New Virginia Majority,571-699-3139 ,www.newvirginiamajority.org
708,Kitsap Immigrant Assistance Center - Immigration Legal Services,360-616-0479,http://kitsapiac.org/
709,Colectiva Legal del Pueblo,206-931-1514,http://www.colectivalegal.org
710,Northwest Immigrant Rights Project (Granger Office),509-854-2100,http://www.nwirp.org
711,Neighborhood House (Greenbridge Office),206-461-4554,http://www.nhwa.org
712,Neighborhood House (High Point Office),206-588-4900,http://www.nhwa.org
713,Catholic Community Services - Family Immigration (Mount Vernon Office),360-416-7095,http://www.ccsww.org/cils
714,Neighborhood House (New Holly Office),206-760-3601,http://www.nhwa.org
715,Neighborhood House (Rainier Vista Office),206-461-4568,http://www.nhwa.org
716,International Rescue Committee (SeaTac Office),206-431-0333,http://www.rescue.org
717,Asian Counseling and Referral Service,206-695-7566,http://www.acrs.org
718,Catholic Community Services of Western Washington - Catholic Immigration Legal Services (Seattle Office),206-328-6314,http://www.ccsww.org/cils
719,Interchurch Refugee Ministries - Refugee Resettlement Offices,206-323-3152,http://www.dioceserroseattle.org
720,International Rescue Committee (Seattle Office),206-623-2105,http://www.rescue.org
721,Lutheran Community Services Northwest - Refugee Program (Seattle Office),206-694-5700,http://www.lcsnw.org/services.html
722,Northwest Immigrant Rights Project (Seattle Office),206-587-4009,http://www.nwirp.org
723,Refugee Wome's Alliance,206-721-0243,http://www.rewa.org
724,St. James Immigrant Assistance,206-382-4511,http://www.stjames-cathedral.org/immigrant/
725,Tacoma Community House,253-383-3951,www.tacomacommunityhouse.org
726,OneAmerica,206-723-2203,www.weareoneamerica.org
727,Washington CAN! (Washington Community Action Network),206-389-0050,www.washingtoncan.org
728,Northwest Immigrant Rights Project,206-587-4009 or Toll Free 800-445-5771,https://www.nwirp.org/
729,Northwest Immigrant Rights Project (Tacoma Office),253-383-0519,http://www.nwirp.org
730,Lutheran Community Services Northwest - Immigration Counseling & Advocacy Program (Vancouver Office),360-694-5624,http://www.lcsnw.org/vancouver
731,Northwest Immigrant Rights Project (Wenatchee Office),509-570-0054,http://www.nwirp.org
732,Neighborhood House (Yesler Terrace Office),206-461-4522,http://www.nhwa.org
733,One America,317-285-1877,https://www.oneamerica.com/
734,Catholic Charities of West Virginia - Migration & Refugee Services (Charleston Office),304-343-1036 or 304-267-3071,http://www.catholiccharitieswv.org
735,Legal Aid of West Virginia,304-343-4481,http://www.lawv.net
736,Catholic Charities of West Virginia - Eastern Panhandle Immigration and Rural Outreach (Martinsburg Office),304-267-3071,http://www.catholiccharitieswv.org
737,West Virginia University College of Law Immigration Clinic,304-293-7249,http://www.law.wvu.edu/clinical-law/immigration
738,Catholic Charities of Appleton,920-734-2601,http://www.newcatholiccharities.org
739,Catholic Charities of Greenbay,920-272-8234,http://www.newcatholiccharities.org
740,Faith Community Church - Immigration Legal Services Outreach - Janesville,608-758-2850,http://www.faithcommunitychurch.net
741,Catholic Charities of La Crosse,608-782-0710,https://www.cclse.org
742,Jewish Social Services - Madison,608-278-1808,http://www.jssmadison.org
743,Rise Law Center - Madison,608-256-1015,https://www.facebook.com/pages/RISE-Law-Center/276984419010325
744,Catholic Charities of Manitowoc,920-684-6651,http://www.newcatholiccharities.org
745,Catholic Charities of Milwaukee,414-643-8570,http://www.ccmke.org
746,Centro Hispano Milwaukee - Council for the Spanish Speaking,414-384-3700,http://www.centrohispanomke.org
747,International Institute of Wisconsin - Milwaukee,414-225-6220,http://www.iiwisconsin.org
748,United Migrant Opportunity Services - Milwaukee,414-389-6506,http://www.umos.org
749,Voces de la Frontera (VOCES),414-643-1620,www.vdlf.org
750,"University of Wyoming College of Law - Legal Services Program, International and Human Rights and Domestic Violence Clinics",307-766-3747,http://www.uwyo.edu/law/
