city,state,population
New York ,NY,"8,363,710"
Los Angeles ,CA,"3,833,995"
Chicago ,IL,"2,853,114"
Houston ,TX,"2,242,193"
Phoenix ,AZ,"1,567,924"
Philadelphia ,PA,"1,447,395"
San Antonio ,TX,"1,351,305"
Dallas ,TX,"1,279,910"
San Diego ,CA,"1,279,329"
San Jose ,CA,"948,279"
Detroit ,MI,"912,062"
San Francisco ,CA,"808,976"
Jacksonville ,FL,"807,815"
Indianapolis,IN,"798,382"
Austin ,TX,"757,688"
Columbus ,OH,"754,885"
Fort Worth ,TX,"703,073"
Charlotte ,NC,"687,456"
Memphis ,TN,"669,651"
Baltimore ,MD,"636,919"
El Paso ,TX,"613,190"
Boston ,MA,"609,023"
Milwaukee ,WI,"604,477"
Denver ,CO,"598,707"
Seattle ,WA,"598,541"
Nashville,TN,"596,462"
Washington ,DC,"591,833"
Las Vegas ,NV,"558,383"
Portland ,OR,"557,706"
Louisville,KY,"557,224"
Oklahoma City ,OK,"551,789"
Tucson ,AZ,"541,811"
Atlanta ,GA,"537,958"
Albuquerque ,NM,"521,999"
Fresno ,CA,"476,050"
Sacramento ,CA,"463,794"
Long Beach ,CA,"463,789"
Mesa ,AZ,"463,552"
Kansas City ,MO,"451,572"
Omaha ,NE,"438,646"
Cleveland ,OH,"433,748"
Virginia Beach ,VA,"433,746"
Miami ,FL,"413,201"
Oakland ,CA,"404,155"
Raleigh ,NC,"392,552"
Tulsa ,OK,"385,635"
Minneapolis ,MN,"382,605"
Colorado Springs ,CO,"380,307"
Honolulu,HI,"374,676"
Arlington ,TX,"374,417"
Wichita ,KS,"366,046"
St. Louis ,MO,"354,361"
Tampa ,FL,"340,882"
Santa Ana ,CA,"339,130"
Anaheim ,CA,"335,288"
Cincinnati ,OH,"333,336"
Bakersfield ,CA,"321,078"
Aurora ,CO,"319,057"
New Orleans ,LA,"311,853"
Pittsburgh ,PA,"310,037"
Riverside ,CA,"295,357"
Toledo ,OH,"293,201"
Stockton ,CA,"287,037"
Corpus Christi ,TX,"286,462"
Lexington,KY,"282,114"
St. Paul ,MN,"279,590"
Anchorage,AK,"279,243"
Newark ,NJ,"278,980"
Buffalo ,NY,"270,919"
Plano ,TX,"267,480"
Henderson ,NV,"252,064"
Lincoln ,NE,"251,624"
Fort Wayne ,IN,"251,591"
Glendale ,AZ,"251,522"
Greensboro ,NC,"250,642"
Chandler ,AZ,"247,140"
St. Petersburg ,FL,"245,314"
Jersey City ,NJ,"241,114"
Scottsdale ,AZ,"235,371"
Norfolk ,VA,"234,220"
Madison ,WI,"231,916"
Orlando ,FL,"230,519"
Birmingham ,AL,"228,798"
Baton Rouge ,LA,"223,689"
Durham ,NC,"223,284"
Laredo ,TX,"221,659"
Lubbock ,TX,"220,483"
Chesapeake ,VA,"220,111"
Chula Vista ,CA,"219,318"
Garland ,TX,"218,577"
Winston-Salem ,NC,"217,600"
North Las Vegas ,NV,"217,253"
Reno ,NV,"217,016"
Gilbert,AZ,"216,449"
Hialeah ,FL,"210,542"
Arlington,VA,"209,969"
Akron ,OH,"207,510"
Irvine ,CA,"207,500"
Rochester ,NY,"206,886"
Boise City ,ID,"205,314"
Modesto ,CA,"202,967"
Fremont ,CA,"202,867"
Montgomery ,AL,"202,696"
Spokane ,WA,"202,319"
Richmond ,VA,"202,002"
Yonkers ,NY,"201,588"
Irving ,TX,"201,358"
Shreveport ,LA,"199,729"
San Bernardino ,CA,"198,580"
Tacoma ,WA,"197,181"
Glendale ,CA,"197,176"
Des Moines ,IA,"197,052"
Augusta,GA,"194,149"
Grand Rapids ,MI,"193,396"
Huntington Beach ,CA,"192,620"
Mobile ,AL,"191,022"
Moreno Valley ,CA,"190,871"
Little Rock ,AR,"189,515"
Amarillo ,TX,"187,236"
Columbus ,GA,"186,984"
Oxnard ,CA,"185,717"
Fontana ,CA,"184,984"
Knoxville ,TN,"184,802"
Fort Lauderdale ,FL,"183,126"
Salt Lake City ,UT,"181,698"
Newport News ,VA,"179,614"
Huntsville ,AL,"176,645"
Tempe ,AZ,"175,523"
Brownsville ,TX,"175,494"
Worcester ,MA,"175,011"
Fayetteville ,NC,"174,091"
Jackson ,MS,"173,861"
Tallahassee ,FL,"171,922"
Aurora ,IL,"171,782"
Ontario ,CA,"171,691"
Providence ,RI,"171,557"
Overland Park ,KS,"171,231"
Rancho Cucamonga ,CA,"171,176"
Chattanooga ,TN,"170,880"
Oceanside ,CA,"169,684"
Santa Clarita ,CA,"169,500"
Garden Grove ,CA,"165,796"
Vancouver ,WA,"163,186"
Grand Prairie ,TX,"160,641"
Peoria ,AZ,"157,960"
Rockford ,IL,"157,272"
Cape Coral ,FL,"156,835"
Springfield ,MO,"156,206"
Santa Rosa ,CA,"155,796"
Sioux Falls ,SD,"154,997"
Port St. Lucie ,FL,"154,353"
Dayton ,OH,"154,200"
Salem ,OR,"153,435"
Pomona ,CA,"152,699"
Springfield ,MA,"150,640"
Eugene ,OR,"150,104"
Corona ,CA,"149,923"
Pasadena ,TX,"146,439"
Joliet ,IL,"146,125"
Pembroke Pines ,FL,"145,661"
Paterson ,NJ,"145,643"
Hampton ,VA,"145,494"
Lancaster ,CA,"145,469"
Alexandria ,VA,"143,885"
Salinas ,CA,"143,640"
Palmdale ,CA,"143,197"
Naperville ,IL,"143,117"
Pasadena ,CA,"143,080"
Kansas City ,KS,"142,562"
Hayward ,CA,"142,061"
Hollywood ,FL,"141,740"
Lakewood ,CO,"140,989"
Torrance ,CA,"140,820"
Syracuse ,NY,"138,068"
Escondido ,CA,"137,103"
Fort Collins ,CO,"136,509"
Bridgeport ,CT,"136,405"
Orange ,CA,"136,392"
Warren ,MI,"133,939"
Elk Grove ,CA,"133,003"
Savannah ,GA,"132,410"
Mesquite ,TX,"132,123"
Sunnyvale ,CA,"132,109"
Fullerton ,CA,"131,868"
McAllen ,TX,"129,776"
Cary,NC,"129,545"
Cedar Rapids ,IA,"128,056"
Sterling Heights ,MI,"127,160"
Columbia ,SC,"127,029"
Coral Springs ,FL,"125,783"
Carrollton ,TX,"125,595"
Elizabeth ,NJ,"124,755"
Hartford ,CT,"124,062"
Waco ,TX,"124,009"
Bellevue ,WA,"123,771"
New Haven ,CT,"123,669"
West Valley City ,UT,"123,447"
Topeka ,KS,"123,446"
Thousand Oaks ,CA,"123,091"
El Monte ,CA,"121,791"
McKinney ,TX,"121,211"
Concord ,CA,"121,160"
Visalia ,CA,"121,040"
Simi Valley ,CA,"120,543"
Olathe ,KS,"119,993"
Clarksville ,TN,"119,735"
Denton ,TX,"119,454"
Stamford ,CT,"119,303"
Provo ,UT,"118,581"
Springfield ,IL,"117,352"
Killeen ,TX,"116,934"
Abilene ,TX,"116,484"
Evansville ,IN,"116,309"
Gainesville ,FL,"114,916"
Vallejo ,CA,"114,729"
Ann Arbor ,MI,"114,386"
Peoria ,IL,"114,114"
Lansing ,MI,"113,968"
Lafayette ,LA,"113,656"
Thornton ,CO,"113,429"
Athens,GA,"113,398"
Flint ,MI,"112,900"
Inglewood ,CA,"112,714"
Roseville ,CA,"112,660"
Charleston ,SC,"111,978"
Beaumont ,TX,"110,553"
Independence ,MO,"110,440"
Victorville ,CA,"110,318"
Santa Clara ,CA,"110,200"
Costa Mesa ,CA,"110,080"
Miami Gardens ,FL,"109,346"
Manchester ,NH,"108,586"
Miramar ,FL,"108,484"
Downey ,CA,"107,587"
Arvada ,CO,"107,361"
Allentown ,PA,"107,250"
Westminster ,CO,"107,056"
Waterbury ,CT,"107,037"
Norman ,OK,"106,957"
Midland ,TX,"106,561"
Elgin ,IL,"106,330"
West Covina ,CA,"105,790"
Clearwater ,FL,"105,774"
Cambridge ,MA,"105,596"
Pueblo ,CO,"104,951"
West Jordan ,UT,"104,447"
Round Rock ,TX,"104,446"
Billings ,MT,"103,994"
Erie ,PA,"103,817"
South Bend ,IN,"103,807"
Ventura,CA,"103,706"
Fairfield ,CA,"103,683"
Lowell ,MA,"103,615"
Norwalk ,CA,"102,982"
Burbank ,CA,"102,968"
Richmond ,CA,"102,285"
Pompano Beach ,FL,"101,943"
High Point ,NC,"101,835"
Murfreesboro ,TN,"101,753"
Lewisville ,TX,"101,624"
Richardson ,TX,"101,589"
Daly City ,CA,"101,514"
Berkeley ,CA,"101,371"
Gresham ,OR,"101,221"
Wichita Falls ,TX,"101,202"
Green Bay ,WI,"101,025"
Davenport ,IA,"100,827"
Palm Bay ,FL,"100,786"
Columbia ,MO,"100,733"
Portsmouth ,VA,"100,577"
Rochester ,MN,"100,413"
Antioch ,CA,"100,219"
Wilmington ,NC,"100,192"
Centennial ,CO,"99,680"
Odessa ,TX,"98,801"
West Palm Beach ,FL,"98,779"
Rialto ,CA,"98,700"
Everett ,WA,"98,212"
Murrieta ,CA,"97,918"
Tyler ,TX,"97,705"
Temecula ,CA,"97,100"
Kenosha ,WI,"96,950"
Frisco ,TX,"96,676"
Sandy ,UT,"96,660"
South Gate ,CA,"96,640"
Carlsbad ,CA,"96,374"
Gary ,IN,"95,920"
Mission Viejo ,CA,"94,461"
North Charleston ,SC,"94,407"
Boulder ,CO,"94,171"
Compton ,CA,"93,851"
Hillsboro ,OR,"93,638"
Albany ,NY,"93,539"
Fargo ,ND,"93,531"
Lakeland ,FL,"93,333"
Orem ,UT,"93,250"
Brockton ,MA,"93,007"
Roanoke ,VA,"92,967"
Broken Arrow ,OK,"92,931"
Surprise ,AZ,"92,897"
Macon ,GA,"92,775"
El Cajon ,CA,"92,718"
Carson ,CA,"92,366"
Quincy ,MA,"92,339"
Clovis ,CA,"92,318"
San Mateo ,CA,"92,256"
Vacaville ,CA,"92,219"
San Angelo ,TX,"91,880"
Las Cruces ,NM,"91,865"
Beaverton ,OR,"91,757"
Greeley ,CO,"91,492"
New Bedford ,MA,"91,365"
Livonia ,MI,"91,220"
Vista ,CA,"91,144"
Fall River ,MA,"90,931"
Waukegan ,IL,"90,788"
Lawrence ,KS,"90,520"
Davie,FL,"90,238"
Tuscaloosa ,AL,"90,221"
Redding ,CA,"90,201"
Lawton ,OK,"90,091"
Yuma ,AZ,"90,041"
Sunrise ,FL,"89,026"
Westminster ,CA,"88,975"
Sparks ,NV,"88,602"
Santa Monica ,CA,"87,664"
Roswell ,GA,"87,657"
Nashua ,NH,"86,576"
Dearborn ,MI,"86,477"
Santa Maria ,CA,"86,356"
Spokane Valley ,WA,"86,144"
Santa Barbara ,CA,"86,093"
Alhambra ,CA,"85,953"
Longmont ,CO,"85,928"
Hesperia ,CA,"85,883"
Boca Raton ,FL,"85,670"
Fort Smith ,AR,"84,716"
Miami Beach ,FL,"84,633"
Warwick ,RI,"84,483"
Indio ,CA,"84,443"
Citrus Heights ,CA,"84,432"
Deltona ,FL,"84,408"
Federal Way ,WA,"84,309"
Hawthorne ,CA,"84,305"
Duluth ,MN,"84,284"
Lee's Summit ,MO,"84,208"
College Station ,TX,"84,128"
Yakima ,WA,"84,074"
Chico ,CA,"83,791"
Plantation ,FL,"83,628"
Norwalk ,CT,"83,185"
Chino ,CA,"83,031"
Pearland ,TX,"82,903"
Trenton ,NJ,"82,883"
Ogden ,UT,"82,865"
Sioux City ,IA,"82,807"
Sandy Springs ,GA,"82,674"
Suffolk ,VA,"82,302"
Whittier ,CA,"82,267"
Racine ,WI,"82,196"
Newton ,MA,"82,139"
Avondale ,AZ,"81,299"
Bloomington ,MN,"81,280"
Allen ,TX,"81,268"
Sugar Land ,TX,"80,704"
Cicero,IL,"80,414"
Nampa ,ID,"80,362"
Livermore ,CA,"80,188"
Cranston ,RI,"79,980"
Newport Beach ,CA,"79,661"
Rio Rancho ,NM,"79,655"
Greenville ,NC,"79,629"
Edmond ,OK,"79,559"
Champaign ,IL,"79,389"
Camden ,NJ,"79,383"
Buena Park ,CA,"79,379"
Danbury ,CT,"79,256"
Tracy ,CA,"79,196"
San Marcos ,CA,"79,114"
Westland ,MI,"78,961"
Bellingham ,WA,"78,905"
Farmington Hills ,MI,"78,522"
Lakewood ,CA,"78,444"
Canton ,OH,"78,362"
Clifton ,NJ,"78,219"
Parma ,OH,"77,947"
San Leandro ,CA,"77,880"
Evanston ,IL,"77,693"
Baldwin Park ,CA,"77,380"
Melbourne ,FL,"77,351"
Longview ,TX,"77,211"
Bend ,OR,"77,181"
Merced ,CA,"77,160"
O'Fallon ,MO,"76,819"
Hammond ,IN,"76,732"
Decatur ,IL,"76,256"
Jacksonville ,NC,"76,233"
St. Joseph ,MO,"76,197"
Albany ,GA,"75,831"
Somerville ,MA,"75,662"
Lake Forest ,CA,"75,566"
Southfield ,MI,"75,392"
Missouri City ,TX,"74,723"
Deerfield Beach ,FL,"74,584"
Napa ,CA,"74,547"
Asheville ,NC,"74,543"
New Rochelle ,NY,"74,115"
Redwood City ,CA,"74,060"
Chino Hills ,CA,"73,879"
Arlington Heights,IL,"73,399"
Fayetteville ,AR,"73,372"
Medford ,OR,"73,212"
Bellflower ,CA,"73,033"
Bloomington ,IL,"73,026"
Youngstown ,OH,"72,925"
Largo ,FL,"72,732"
St. George ,UT,"72,718"
Lynchburg ,VA,"72,596"
Wilmington ,DE,"72,592"
Gastonia ,NC,"72,505"
Bryan ,TX,"72,357"
Palm Coast ,FL,"72,316"
Bethlehem ,PA,"72,241"
Scranton ,PA,"72,233"
Kalamazoo ,MI,"72,179"
Union City ,CA,"72,123"
Upland ,CA,"72,091"
Santa Fe ,NM,"71,831"
Bloomington ,IN,"71,819"
Tustin ,CA,"71,814"
Pawtucket ,RI,"71,765"
Schaumburg,IL,"71,716"
Edinburg ,TX,"71,520"
Plymouth ,MN,"71,486"
Mountain View ,CA,"71,348"
Brooklyn Park ,MN,"71,308"
League City ,TX,"71,222"
Lake Charles ,LA,"71,061"
Hoover ,AL,"71,020"
Hemet ,CA,"70,991"
Bolingbrook,IL,"70,823"
Alameda ,CA,"70,580"
New Britain ,CT,"70,486"
Wyoming ,MI,"70,462"
Baytown ,TX,"70,330"
Appleton ,WI,"70,305"
Lorain ,OH,"70,239"
Apple Valley,CA,"70,200"
Gulfport ,MS,"70,055"
Lynwood ,CA,"70,025"
Lawrence ,MA,"70,014"
Redlands ,CA,"69,689"
Flower Mound,TX,"69,307"
Rochester Hills ,MI,"69,014"
Fishers,IN,"69,011"
Mount Vernon ,NY,"68,653"
Turlock ,CA,"68,404"
Boynton Beach ,FL,"68,291"
Missoula ,MT,"68,202"
Springdale ,AR,"68,180"
Waukesha ,WI,"68,008"
Iowa City ,IA,"67,831"
Folsom ,CA,"67,788"
Marietta ,GA,"67,562"
Milpitas ,CA,"67,503"
Rock Hill ,SC,"67,339"
Palatine,IL,"67,080"
Lauderhill ,FL,"67,073"
St. Cloud ,MN,"66,948"
Kenner ,LA,"66,942"
Meridian ,ID,"66,916"
Passaic ,NJ,"66,884"
Redondo Beach ,CA,"66,882"
Pleasanton ,CA,"66,828"
Carmel ,IN,"66,769"
Waterloo ,IA,"66,662"
Skokie,IL,"66,620"
Dothan ,AL,"66,505"
Concord ,NC,"66,311"
Pontiac ,MI,"66,095"
Yorba Linda ,CA,"65,717"
Loveland ,CO,"65,587"
Layton ,UT,"65,514"
Rapid City ,SD,"65,491"
Mount Pleasant,SC,"65,472"
Eau Claire ,WI,"65,426"
Fort Myers ,FL,"65,394"
East Orange ,NJ,"65,390"
Pharr ,TX,"65,258"
North Richland Hills ,TX,"65,078"
Manteca ,CA,"65,028"
Muncie ,IN,"64,975"
Harlingen ,TX,"64,843"
Laguna Niguel ,CA,"64,469"
St. Charles ,MO,"64,386"
Daytona Beach ,FL,"64,211"
Pittsburg ,CA,"64,148"
Delray Beach ,FL,"64,092"
Lafayette ,IN,"64,049"
Eagan ,MN,"63,985"
Jonesboro ,AR,"63,960"
Oshkosh ,WI,"63,679"
Weston ,FL,"63,628"
Walnut Creek ,CA,"63,486"
Camarillo ,CA,"63,324"
Kennewick ,WA,"63,216"
Jackson ,TN,"63,158"
Pico Rivera ,CA,"63,138"
Davis ,CA,"62,593"
Portland ,ME,"62,561"
Victoria ,TX,"62,558"
Janesville ,WI,"62,516"
South San Francisco ,CA,"62,502"
Hamilton ,OH,"62,477"
Bossier City ,LA,"62,384"
Cedar Park ,TX,"62,308"
Kissimmee ,FL,"62,291"
Springfield ,OH,"62,269"
Renton ,WA,"62,266"
Rancho Cordova ,CA,"62,265"
Union City ,NJ,"62,183"
Johnson City ,TN,"61,990"
Montebello ,CA,"61,906"
Coon Rapids ,MN,"61,832"
Maple Grove ,MN,"61,542"
San Clemente ,CA,"61,465"
Warner Robins ,GA,"61,336"
Lodi ,CA,"61,301"
Haverhill ,MA,"61,275"
Monterey Park ,CA,"61,234"
Yuba City ,CA,"61,226"
Eden Prairie ,MN,"61,191"
Schenectady ,NY,"61,152"
Shawnee ,KS,"60,954"
Bristol ,CT,"60,927"
Huntington Park ,CA,"60,898"
Rockville ,MD,"60,734"
Bismarck ,ND,"60,389"
Encinitas ,CA,"60,372"
St. Clair Shores ,MI,"60,364"
Waltham ,MA,"60,236"
Flagstaff ,AZ,"60,222"
Revere ,MA,"60,204"
Terre Haute ,IN,"60,007"
Greenville ,SC,"59,988"
Temple ,TX,"59,654"
Council Bluffs ,IA,"59,536"
Goodyear ,AZ,"59,508"
Johns Creek ,GA,"59,431"
North Little Rock ,AR,"59,430"
West Allis ,WI,"59,416"
Palo Alto ,CA,"59,395"
Tamarac ,FL,"59,340"
Great Falls ,MT,"59,251"
Frederick ,MD,"59,213"
Tinley Park,IL,"59,198"
Meriden ,CT,"59,186"
La Habra ,CA,"59,155"
Burnsville ,MN,"59,139"
Taylorsville ,UT,"58,785"
Vineland ,NJ,"58,780"
Gaithersburg ,MD,"58,744"
National City ,CA,"58,680"
Gardena ,CA,"58,554"
Franklin ,TN,"58,481"
Utica ,NY,"58,082"
Homestead ,FL,"57,936"
Conway ,AR,"57,544"
Bayonne ,NJ,"57,448"
White Plains ,NY,"57,342"
Anderson ,IN,"57,282"
Dubuque ,IA,"57,250"
Diamond Bar ,CA,"57,235"
Springfield ,OR,"57,224"
Royal Oak ,MI,"57,110"
Galveston ,TX,"57,086"
Des Plaines ,IL,"57,062"
Rocky Mount ,NC,"57,010"
Lakewood ,WA,"56,983"
Cheyenne ,WY,"56,915"
Rogers ,AR,"56,726"
Madera ,CA,"56,700"
Tulare ,CA,"56,654"
Lake Havasu City ,AZ,"56,553"
Ames ,IA,"56,510"
Midwest City ,OK,"56,394"
Arcadia ,CA,"56,248"
Woodbury ,MN,"56,128"
Santa Cruz ,CA,"56,124"
Auburn ,AL,"56,088"
Decatur ,AL,"56,068"
Port Arthur ,TX,"55,910"
North Miami ,FL,"55,908"
Rowlett ,TX,"55,780"
Taunton ,MA,"55,702"
Blue Springs ,MO,"55,698"
Perris ,CA,"55,643"
Saginaw ,MI,"55,620"
San Rafael ,CA,"55,602"
Malden ,MA,"55,597"
Medford ,MA,"55,573"
Fountain Valley ,CA,"55,516"
Owensboro ,KY,"55,516"
Orland Park,IL,"55,514"
St. Peters ,MO,"55,500"
Conroe ,TX,"55,429"
Auburn ,WA,"55,426"
West Des Moines ,IA,"55,426"
Paramount ,CA,"55,236"
Bowling Green ,KY,"55,097"
Blaine ,MN,"55,042"
Elyria ,OH,"54,979"
Chicopee ,MA,"54,941"
North Port ,FL,"54,907"
Pocatello ,ID,"54,901"
Carson City,NV,"54,867"
Broomfield ,CO,"54,858"
Ocala ,FL,"54,801"
La Mesa ,CA,"54,673"
Petaluma ,CA,"54,666"
Lancaster ,PA,"54,626"
Port Orange ,FL,"54,616"
Woodland ,CA,"54,567"
Lakeville ,MN,"54,542"
Wellington,FL,"54,530"
Wheaton ,IL,"54,465"
Rosemead ,CA,"54,412"
Idaho Falls ,ID,"54,334"
Milford ,CT,"54,136"
Margate ,FL,"54,086"
Casper ,WY,"54,047"
Hempstead,NY,"53,915"
Santee ,CA,"53,860"
Pensacola ,FL,"53,820"
Kettering ,OH,"53,708"
Hoffman Estates,IL,"53,641"
Cupertino ,CA,"53,637"
New Braunfels ,TX,"53,547"
Bradenton ,FL,"53,513"
Mount Prospect,IL,"53,338"
Oak Lawn,IL,"53,244"
Delano ,CA,"53,051"
San Marcos ,TX,"52,927"
Rocklin ,CA,"52,811"
Novato ,CA,"52,785"
Elkhart ,IN,"52,653"
Moore ,OK,"52,615"
Euless ,TX,"52,579"
Bowie ,MD,"52,544"
Chapel Hill,NC,"52,542"
West Haven ,CT,"52,420"
Sarasota ,FL,"52,340"
Manhattan ,KS,"52,284"
Cathedral City ,CA,"52,095"
Normal,IL,"52,056"
Battle Creek ,MI,"52,053"
Shoreline ,WA,"52,005"
Hattiesburg ,MS,"51,993"
Dearborn Heights ,MI,"51,972"
Porterville ,CA,"51,830"
Mentor ,OH,"51,825"
Middletown ,OH,"51,422"
Niagara Falls ,NY,"51,345"
Peabody ,MA,"51,331"
Cerritos ,CA,"51,326"
Grand Forks ,ND,"51,313"
Monroe ,LA,"51,215"
New Brunswick ,NJ,"51,149"
South Jordan ,UT,"51,131"
Corvallis ,OR,"51,110"
Highland ,CA,"51,096"
Cuyahoga Falls ,OH,"51,090"
Lake Elsinore ,CA,"50,952"
La Crosse ,WI,"50,902"
Palm Desert ,CA,"50,876"
Burlington ,NC,"50,857"
Lakewood ,OH,"50,704"
Sanford ,FL,"50,634"
Florissant ,MO,"50,561"
Colton ,CA,"50,517"
Grapevine ,TX,"50,471"
Watsonville ,CA,"50,442"
Coconut Creek ,FL,"50,436"
Pine Bluff ,AR,"50,408"
Charleston ,WV,"50,302"
Hanford ,CA,"50,103"
Minnetonka ,MN,"50,081"
Mishawaka ,IN,"50,026"
Apple Valley ,MN,"50,004"
Gilroy ,CA,"49,934"
Berwyn ,IL,"49,919"
Alpharetta ,GA,"49,903"
Smyrna ,GA,"49,854"
La Mirada ,CA,"49,809"
Joplin ,MO,"49,775"
Yucaipa ,CA,"49,750"
Bellevue ,NE,"49,699"
Placentia ,CA,"49,692"
Grand Junction ,CO,"49,688"
Georgetown ,TX,"49,618"
Rancho Santa Margarita ,CA,"49,591"
Mansfield ,OH,"49,579"
Oak Park,IL,"49,557"
Redmond ,WA,"49,548"
Brentwood ,CA,"49,480"
Glendora ,CA,"49,410"
Downers Grove,IL,"49,250"
Palm Beach Gardens ,FL,"49,227"
Huntington ,WV,"49,185"
San Ramon ,CA,"49,161"
Bedford ,TX,"49,155"
Jupiter,FL,"48,879"
Poway ,CA,"48,858"
Perth Amboy ,NJ,"48,742"
Tigard ,OR,"48,713"
Logan ,UT,"48,657"
Alexandria ,LA,"48,639"
Valdosta ,GA,"48,547"
East Providence ,RI,"48,480"
Wilson ,NC,"48,433"
Albany ,OR,"48,081"
Middletown ,CT,"48,030"
Palm Springs ,CA,"47,952"
Sheboygan ,WI,"47,895"
Hendersonville ,TN,"47,725"
Greenwood ,IN,"47,720"
Stillwater ,OK,"47,653"
DeSoto ,TX,"47,568"
West Sacramento ,CA,"47,511"
Bartlett ,TN,"47,501"
Kentwood ,MI,"47,419"
Euclid ,OH,"47,415"
Enid ,OK,"47,396"
Kirkland ,WA,"47,303"
Buckeye,AZ,"47,261"
Newark ,OH,"47,236"
Pinellas Park ,FL,"47,173"
Harrisburg ,PA,"47,148"
Cypress ,CA,"47,123"
Covina ,CA,"46,944"
Azusa ,CA,"46,847"
Lenexa ,KS,"46,822"
Lehi ,UT,"46,802"
Roseville ,MI,"46,782"
Salina ,KS,"46,483"
West New York,NJ,"46,472"
Roswell ,NM,"46,198"
Barnstable Town ,MA,"46,184"
Glenview,IL,"46,180"
Richland ,WA,"46,155"
Altoona ,PA,"46,144"
Mansfield ,TX,"46,142"
Portage ,MI,"46,133"
Plainfield ,NJ,"46,126"
Chesterfield ,MO,"46,064"
Elmhurst ,IL,"46,013"
East Lansing ,MI,"45,857"
Cleveland Heights ,OH,"45,827"
Grand Island ,NE,"45,801"
Kokomo ,IN,"45,694"
Biloxi ,MS,"45,670"
Edina ,MN,"45,608"
Maricopa ,AZ,"45,571"
DeKalb ,IL,"45,497"
St. Louis Park ,MN,"45,465"
Olympia ,WA,"45,322"
Summerville,SC,"45,193"
Wauwatosa ,WI,"45,004"
Cedar Hill ,TX,"44,786"
Titusville ,FL,"44,756"
Binghamton ,NY,"44,729"
Bell Gardens ,CA,"44,692"
Danville ,VA,"44,660"
Texas City ,TX,"44,491"
Bountiful ,UT,"44,473"
Kingsport ,TN,"44,473"
Castle Rock,CO,"44,369"
Dublin ,CA,"44,297"
Southaven ,MS,"44,076"
Methuen ,MA,"44,055"
Huntersville,NC,"44,054"
Harrisonburg ,VA,"44,015"
Freeport,NY,"43,881"
La Quinta ,CA,"43,865"
Warren ,OH,"43,789"
Parker,CO,"43,767"
San Luis Obispo ,CA,"43,636"
Lincoln ,CA,"43,602"
Oro Valley,AZ,"43,465"
East Point ,GA,"43,418"
Coeur d'Alene ,ID,"43,360"
Sierra Vista ,AZ,"43,320"
Woonsocket ,RI,"43,268"
Lawrence ,IN,"43,247"
Covington ,KY,"43,235"
Moline ,IL,"43,088"
Buffalo Grove,IL,"42,972"
Lombard,IL,"42,890"
Attleboro ,MA,"42,833"
Hackensack ,NJ,"42,804"
Coral Gables ,FL,"42,781"
Bonita Springs ,FL,"42,730"
Prescott ,AZ,"42,697"
Ceres ,CA,"42,690"
Pittsfield ,MA,"42,652"
Farmington ,NM,"42,637"
Strongsville ,OH,"42,617"
Kannapolis ,NC,"42,521"
Commerce City ,CO,"42,473"
Fairfield ,OH,"42,384"
Caldwell ,ID,"42,331"
Draper ,UT,"42,317"
Oakland Park ,FL,"42,293"
Ankeny ,IA,"42,287"
The Colony ,TX,"42,281"
Concord ,NH,"42,255"
Bartlett,IL,"42,209"
Sayreville,NJ,"42,208"
Twin Falls ,ID,"42,197"
Noblesville ,IN,"42,155"
Fond du Lac ,WI,"42,025"
Crystal Lake ,IL,"41,797"
Blacksburg,VA,"41,796"
Newark ,CA,"41,781"
North Lauderdale ,FL,"41,772"
Chelsea ,MA,"41,577"
Aliso Viejo ,CA,"41,572"
Charlottesville ,VA,"41,487"
Hickory ,NC,"41,305"
Salem ,MA,"41,256"
Danville,CA,"41,182"
Casa Grande ,AZ,"41,152"
Rancho Palos Verdes ,CA,"41,106"
Lompoc ,CA,"41,099"
Belleville ,IL,"41,097"
Leominster ,MA,"41,055"
Wilkes-Barre ,PA,"40,932"
Midland ,MI,"40,917"
Hutchinson ,KS,"40,889"
Fort Pierce ,FL,"40,885"
Bullhead City ,AZ,"40,868"
Littleton ,CO,"40,777"
Jefferson City ,MO,"40,771"
Lacey ,WA,"40,702"
La Puente ,CA,"40,642"
Westfield ,MA,"40,608"
Hoboken ,NJ,"40,577"
Rohnert Park ,CA,"40,496"
San Gabriel ,CA,"40,445"
San Bruno ,CA,"40,315"
Fitchburg ,MA,"40,239"
Haltom City ,TX,"40,181"
Sammamish ,WA,"40,179"
Edmonds ,WA,"40,158"
Muskogee ,OK,"40,099"
York ,PA,"40,097"
El Centro ,CA,"40,083"
Carol Stream,IL,"40,004"
Columbus ,IN,"40,001"
Shelton ,CT,"39,991"
Quincy ,IL,"39,983"
Altamonte Springs ,FL,"39,947"
Holyoke ,MA,"39,947"
Beavercreek ,OH,"39,909"
Cleveland ,TN,"39,753"
Riverton ,UT,"39,751"
Hagerstown ,MD,"39,728"
Pflugerville ,TX,"39,653"
Urbana ,IL,"39,641"
Leesburg,VA,"39,641"
Spartanburg ,SC,"39,584"
Hot Springs ,AR,"39,467"
Bozeman ,MT,"39,442"
State College,PA,"39,419"
Atlantic City ,NJ,"39,408"
Muskegon ,MI,"39,401"
Coachella ,CA,"39,391"
Beverly ,MA,"39,343"
Collierville,TN,"39,211"
Linden ,NJ,"39,162"
Coppell ,TX,"39,154"
Brookfield ,WI,"39,020"
Keller ,TX,"38,951"
Burlington ,VT,"38,897"
Madison ,AL,"38,714"
Hallandale Beach ,FL,"38,683"
New Berlin ,WI,"38,649"
Sumter ,SC,"38,625"
Campbell ,CA,"38,617"
Culver City ,CA,"38,580"
Hurst ,TX,"38,550"
Dublin ,OH,"38,536"
Prescott Valley,AZ,"38,535"
Huntsville ,TX,"38,480"
Urbandale ,IA,"38,369"
Calexico ,CA,"38,344"
Temple City ,CA,"38,341"
Meridian ,MS,"38,232"
Rock Island ,IL,"38,139"
Morgan Hill ,CA,"38,096"
Sherman ,TX,"38,077"
Cedar Falls ,IA,"38,059"
Romeoville,IL,"38,028"
North Miami Beach ,FL,"37,997"
Ormond Beach ,FL,"37,984"
Apopka ,FL,"37,935"
Marlborough ,MA,"37,932"
Goose Creek ,SC,"37,900"
Florence ,AL,"37,877"
Smyrna,TN,"37,867"
Wylie ,TX,"37,861"
San Jacinto ,CA,"37,842"
Carpentersville,IL,"37,741"
Pacifica ,CA,"37,739"
Monrovia ,CA,"37,651"
Goldsboro ,NC,"37,597"
Stanton ,CA,"37,589"
Wausau ,WI,"37,576"
Cape Girardeau ,MO,"37,370"
Everett ,MA,"37,353"
New Albany ,IN,"37,296"
Germantown ,TN,"37,251"
Huber Heights ,OH,"37,148"
Streamwood,IL,"37,119"
Findlay ,OH,"36,987"
Portage ,IN,"36,976"
Lancaster ,OH,"36,976"
Park Ridge ,IL,"36,927"
Lake Oswego ,OR,"36,926"
Addison,IL,"36,917"
Woburn ,MA,"36,871"
Gadsden ,AL,"36,816"
Calumet City ,IL,"36,800"
Hanover Park,IL,"36,777"
Kearny,NJ,"36,746"
Richmond ,IN,"36,733"
Del Rio ,TX,"36,682"
Bell ,CA,"36,657"
Panama City ,FL,"36,644"
Texarkana ,TX,"36,611"
Manhattan Beach ,CA,"36,605"
Chester ,PA,"36,564"
Longview ,WA,"36,562"
Montclair ,CA,"36,530"
Annapolis ,MD,"36,524"
Plainfield,IL,"36,507"
Riviera Beach ,FL,"36,430"
Norwich ,CT,"36,388"
Moorpark ,CA,"36,372"
Puyallup ,WA,"36,330"
University City ,MO,"36,289"
Fort Lee,NJ,"36,275"
Mankato ,MN,"36,245"
Tupelo ,MS,"36,233"
Westerville ,OH,"36,231"
Brentwood ,TN,"36,176"
Beloit ,WI,"36,160"
Duncanville ,TX,"36,109"
Dover ,DE,"36,107"
Maplewood ,MN,"36,087"
Greenfield ,WI,"36,075"
Wheeling,IL,"36,063"
Moorhead ,MN,"36,012"
Valley Stream,NY,"36,007"
Bremerton ,WA,"36,006"
West Hollywood ,CA,"36,005"
Dunedin ,FL,"35,988"
Bartlesville ,OK,"35,914"
Keizer ,OR,"35,864"
Marion ,OH,"35,841"
Greenville ,MS,"35,764"
Lancaster ,TX,"35,761"
Alamogordo ,NM,"35,757"
Dana Point ,CA,"35,700"
Long Beach ,NY,"35,698"
Gainesville ,GA,"35,668"
Bentonville ,AR,"35,526"
Lake Worth ,FL,"35,513"
Franklin ,WI,"35,500"
Claremont ,CA,"35,470"
Minot ,ND,"35,419"
Cottonwood Heights ,UT,"35,418"
Lincoln Park ,MI,"35,317"
Torrington ,CT,"35,312"
Rockwall ,TX,"35,247"
Manassas ,VA,"35,205"
Martinez ,CA,"35,145"
Fairbanks ,AK,"35,132"
Lewiston ,ME,"35,131"
San Dimas ,CA,"35,043"
Los Banos ,CA,"34,968"
Burleson ,TX,"34,908"
Hollister ,CA,"34,877"
San Juan Capistrano ,CA,"34,793"
Peachtree City ,GA,"34,788"
Leavenworth ,KS,"34,729"
Brunswick ,OH,"34,711"
Menomonee Falls,WI,"34,607"
Lufkin ,TX,"34,530"
Marysville ,WA,"34,482"
Marana,AZ,"34,466"
Beverly Hills ,CA,"34,445"
Columbia ,TN,"34,402"
La Porte ,TX,"34,274"
Wildwood ,MO,"34,195"
Woodridge,IL,"34,130"
Holland ,MI,"34,076"
Friendswood ,TX,"33,979"
San Juan ,TX,"33,970"
Northbrook,IL,"33,936"
Hilton Head Island,SC,"33,913"
Stow ,OH,"33,899"
Gahanna ,OH,"33,892"
Bay City ,MI,"33,874"
Grove City ,OH,"33,829"
Pleasant Grove ,UT,"33,798"
Seaside ,CA,"33,797"
Delaware ,OH,"33,719"
Mundelein,IL,"33,717"
Northglenn ,CO,"33,697"
Reynoldsburg ,OH,"33,657"
Dalton ,GA,"33,648"
La Verne ,CA,"33,623"
Cottage Grove ,MN,"33,623"
Rosenberg ,TX,"33,595"
East Palo Alto ,CA,"33,575"
Lynnwood ,WA,"33,572"
Jackson ,MI,"33,518"
Oak Creek ,WI,"33,482"
Twentynine Palms ,CA,"33,480"
Shakopee ,MN,"33,455"
Pekin ,IL,"33,430"
Inver Grove Heights ,MN,"33,383"
Weslaco ,TX,"33,354"
Winter Haven ,FL,"33,353"
Elk Grove Village,IL,"33,320"
Grants Pass ,OR,"33,217"
Manitowoc ,WI,"33,169"
Apex,NC,"33,075"
Merrillville,IN,"33,057"
New Iberia ,LA,"32,959"
Petersburg ,VA,"32,916"
Richmond ,KY,"32,895"
Pleasant Hill ,CA,"32,862"
St. Charles ,IL,"32,829"
Marion ,IA,"32,821"
Roseville ,MN,"32,815"
Apache Junction ,AZ,"32,776"
Plant City ,FL,"32,761"
Richfield ,MN,"32,728"
Englewood ,CO,"32,669"
Winter Springs ,FL,"32,667"
Beaumont ,CA,"32,663"
Goshen ,IN,"32,630"
Long Branch ,NJ,"32,622"
Massillon ,OH,"32,613"
North Chicago ,IL,"32,608"
Oviedo ,FL,"32,606"
Bettendorf ,IA,"32,584"
Monroe ,NC,"32,543"
Houma ,LA,"32,512"
Eastpointe ,MI,"32,497"
Prattville ,AL,"32,480"
Michigan City ,IN,"32,405"
Fairborn ,OH,"32,366"
Watertown ,MA,"32,365"
Clovis ,NM,"32,352"
Bothell ,WA,"32,307"
Ocoee ,FL,"32,290"
Danville ,IL,"32,248"
Nacogdoches ,TX,"32,205"
Greenacres ,FL,"32,174"
Franklin ,MA,"32,148"
Butte-Silver Bow,MT,"32,119"
Hopkinsville ,KY,"32,076"
Oakley ,CA,"32,035"
Socorro ,TX,"32,007"
Naugatuck,CT,"31,931"
Upper Arlington ,OH,"31,878"
Glendale Heights,IL,"31,847"
Norristown,PA,"31,843"
Laguna Hills ,CA,"31,838"
Olive Branch ,MS,"31,830"
Lewiston ,ID,"31,764"
Bangor ,ME,"31,756"
Kennesaw ,GA,"31,628"
Parkersburg ,WV,"31,611"
Florence ,SC,"31,570"
Bethel Park,PA,"31,562"
Spanish Fork ,UT,"31,538"
Mount Vernon ,WA,"31,513"
Oswego,IL,"31,504"
Highland Park ,IL,"31,449"
Oregon City ,OR,"31,404"
Brighton ,CO,"31,380"
Jacksonville ,AR,"31,351"
Lawndale ,CA,"31,346"
Leawood ,KS,"31,342"
North Olmsted ,OH,"31,319"
Burien ,WA,"31,316"
North Tonawanda ,NY,"31,222"
McMinnville ,OR,"31,185"
Galesburg ,IL,"31,181"
Phenix City ,AL,"31,125"
Douglasville ,GA,"31,035"
Lauderdale Lakes ,FL,"31,004"
Juneau,AK,"30,988"
Wheat Ridge ,CO,"30,894"
Vestavia Hills ,AL,"30,892"
Deer Park ,TX,"30,890"
Port Huron ,MI,"30,869"
West Lafayette ,IN,"30,847"
Walnut ,CA,"30,744"
San Pablo ,CA,"30,729"
Copperas Cove ,TX,"30,710"
Granite City ,IL,"30,703"
Schertz ,TX,"30,669"
Rochester ,NH,"30,654"
Walla Walla ,WA,"30,643"
Gurnee,IL,"30,608"
Myrtle Beach ,SC,"30,596"
Chicago Heights ,IL,"30,586"
Shawnee ,OK,"30,562"
Oak Park ,MI,"30,547"
Westlake ,OH,"30,546"
Fair Lawn,NJ,"30,521"
Jeffersonville ,IN,"30,479"
Hobbs ,NM,"30,476"
Newnan ,GA,"30,474"
Saratoga ,CA,"30,445"
Andover ,MN,"30,442"
Valparaiso ,IN,"30,429"
Kearney ,NE,"30,417"
Algonquin,IL,"30,352"
University Place ,WA,"30,345"
Royal Palm Beach,FL,"30,312"
Gloucester ,MA,"30,243"
Marion ,IN,"30,212"
Hinesville ,GA,"30,152"
Tooele ,UT,"30,120"
Menlo Park ,CA,"30,087"
Texarkana ,AR,"30,087"
La Vergne ,TN,"30,034"
Ballwin ,MO,"30,033"
East Chicago ,IN,"29,978"
Wenatchee ,WA,"29,898"
West Bend ,WI,"29,894"
Cleburne ,TX,"29,889"
Newark ,DE,"29,886"
Burton ,MI,"29,845"
Ithaca ,NY,"29,763"
Lake in the Hills,IL,"29,698"
Mason ,OH,"29,682"
Poughkeepsie ,NY,"29,654"
Morgantown ,WV,"29,642"
Bowling Green ,OH,"29,542"
Madison Heights ,MI,"29,531"
Jamestown ,NY,"29,463"
Williamsport ,PA,"29,456"
Benton ,AR,"29,452"
Westfield,NJ,"29,450"
Aiken ,SC,"29,434"
Cooper City ,FL,"29,422"
Goleta ,CA,"29,404"
Alton ,IL,"29,393"
Winter Garden ,FL,"29,385"
Alabaster ,AL,"29,352"
Helena ,MT,"29,351"
Gallatin ,TN,"29,343"
North Royalton ,OH,"29,331"
Los Gatos,CA,"29,320"
Sanford ,NC,"29,284"
Elmira ,NY,"29,271"
Lawrenceville ,GA,"29,258"
Aventura ,FL,"29,254"
Cookeville ,TN,"29,234"
Englewood ,NJ,"29,112"
Foster City ,CA,"29,089"
Cutler Bay,FL,"29,070"
Salisbury ,NC,"28,972"
Garfield ,NJ,"28,971"
Millville ,NJ,"28,930"
Wheeling ,WV,"28,913"
Schererville,IN,"28,886"
Saratoga Springs ,NY,"28,844"
East St. Louis ,IL,"28,773"
Des Moines ,WA,"28,755"
St. Cloud ,FL,"28,745"
Paso Robles,CA,"28,715"
Waxahachie ,TX,"28,668"
Cedar City ,UT,"28,667"
Niles,IL,"28,666"
Rahway ,NJ,"28,624"
Lindenhurst,NY,"28,620"
Santa Paula ,CA,"28,618"
Dover ,NH,"28,609"
New Bern ,NC,"28,586"
Garden City ,KS,"28,557"
Adelanto ,CA,"28,553"
Bessemer ,AL,"28,542"
Springville ,UT,"28,520"
Atascadero ,CA,"28,452"
LaGrange ,GA,"28,401"
Northampton ,MA,"28,379"
Los Altos ,CA,"28,349"
Sun Prairie ,WI,"28,322"
Gladstone ,MO,"28,243"
Maywood ,CA,"28,224"
Salisbury ,MD,"28,200"
Raytown ,MO,"28,194"
Port Chester,NY,"28,171"
North Ridgeville ,OH,"28,153"
Midvale ,UT,"28,129"
Soledad ,CA,"28,124"
Newburgh ,NY,"28,101"
Dania Beach ,FL,"28,093"
Agawam ,MA,"28,091"
Harvey ,IL,"28,056"
Rexburg ,ID,"28,028"
Henderson ,KY,"27,933"
Winter Park ,FL,"27,909"
Hilliard ,OH,"27,901"
Hobart ,IN,"27,891"
Round Lake Beach,IL,"27,855"
Clearfield ,UT,"27,851"
Plainfield,IN,"27,832"
Kingman ,AZ,"27,817"
Monterey ,CA,"27,763"
Florence ,KY,"27,745"
Oak Forest ,IL,"27,740"
Southgate ,MI,"27,739"
Garfield Heights ,OH,"27,734"
Burlingame ,CA,"27,706"
Savage ,MN,"27,692"
Oak Ridge ,TN,"27,677"
Laramie ,WY,"27,664"
Prichard ,AL,"27,662"
Monroeville,PA,"27,639"
Morristown ,TN,"27,636"
Russellville ,AR,"27,602"
Burbank ,IL,"27,567"
O'Fallon ,IL,"27,540"
Batavia ,IL,"27,502"
Owasso ,OK,"27,467"
West Springfield ,MA,"27,459"
Lake Jackson ,TX,"27,417"
Brooklyn Center ,MN,"27,402"
Xenia ,OH,"27,357"
Mason City ,IA,"27,337"
Frankfort ,KY,"27,322"
Watertown ,NY,"27,310"
De Land ,FL,"27,243"
San Carlos ,CA,"27,238"
Slidell ,LA,"27,183"
Statesboro ,GA,"27,158"
Maryville ,TN,"27,156"
Glen Ellyn,IL,"27,142"
Garner,NC,"27,138"
Auburn ,NY,"27,138"
West Memphis ,AR,"27,070"
Wake Forest,NC,"27,068"
American Fork ,UT,"27,064"
Oakdale ,MN,"27,034"
Anderson ,SC,"27,027"
Suisun City ,CA,"26,977"
College Park ,MD,"26,925"
Pullman ,WA,"26,920"
Matthews,NC,"26,901"
Glen Cove ,NY,"26,895"
Gillette ,WY,"26,871"
McHenry ,IL,"26,862"
Opelika ,AL,"26,808"
Winona ,MN,"26,785"
Kirkwood ,MO,"26,760"
Garden City ,MI,"26,743"
Kankakee ,IL,"26,710"
Melrose ,MA,"26,708"
Weatherford ,TX,"26,686"
Mount Pleasant ,MI,"26,675"
Lansing,IL,"26,672"
Eagle Pass ,TX,"26,668"
Harrison,NY,"26,665"
Norco ,CA,"26,659"
Inkster ,MI,"26,621"
Southlake ,TX,"26,595"
Barberton ,OH,"26,581"
Mount Pleasant,WI,"26,572"
Atwater ,CA,"26,565"
Imperial Beach ,CA,"26,543"
Thomasville ,NC,"26,526"
Tualatin ,OR,"26,476"
Paradise,CA,"26,469"
Belvidere ,IL,"26,461"
Post Falls ,ID,"26,460"
Shaker Heights ,OH,"26,460"
Corsicana ,TX,"26,459"
Farmers Branch ,TX,"26,455"
West Chicago ,IL,"26,454"
Nicholasville ,KY,"26,444"
Wilmette,IL,"26,418"
Statesville ,NC,"26,414"
Seguin ,TX,"26,394"
Emporia ,KS,"26,380"
Spring Valley,NY,"26,291"
Carbondale ,IL,"26,231"
Spring Hill ,TN,"26,230"
Jeffersontown ,KY,"26,226"
Superior ,WI,"26,223"
Wooster ,OH,"26,212"
Plum,PA,"26,198"
Benicia ,CA,"26,174"
Paramus,NJ,"26,128"
Duluth ,GA,"26,125"
Homer Glen,IL,"26,111"
Kyle ,TX,"26,103"
Easton ,PA,"26,080"
Paris ,TX,"26,050"
Trotwood ,OH,"26,039"
Allen Park ,MI,"26,014"
Medina ,OH,"26,011"
Collinsville ,IL,"25,960"
Maryland Heights ,MO,"25,949"
Winchester ,VA,"25,897"
New London ,CT,"25,891"
Fridley ,MN,"25,868"
Middletown ,NY,"25,865"
Marshalltown ,IA,"25,850"
SeaTac ,WA,"25,840"
Kaysville ,UT,"25,820"
Bristol ,TN,"25,817"
Dodge City ,KS,"25,689"
Sandusky ,OH,"25,688"
Holladay ,UT,"25,676"
Greenville ,TX,"25,676"
Ridgecrest ,CA,"25,638"
Carlsbad ,NM,"25,629"
Bergenfield,NJ,"25,611"
Paducah ,KY,"25,521"
Salem ,VA,"25,449"
Leander ,TX,"25,424"
Harker Heights ,TX,"25,417"
Hastings ,NE,"25,394"
Enterprise ,AL,"25,351"
Hazelwood ,MO,"25,345"
Stevens Point ,WI,"25,327"
Riverside ,OH,"25,327"
Burlington ,IA,"25,327"
Eureka ,CA,"25,300"
West Linn ,OR,"25,236"
Fountain Hills,AZ,"25,227"
Fremont ,NE,"25,224"
Fort Dodge ,IA,"25,180"
Zion ,IL,"25,161"
Corcoran ,CA,"25,139"
Zanesville ,OH,"25,129"
Shoreview ,MN,"25,111"
San Benito ,TX,"25,072"
Lafayette ,CO,"25,065"
Neenah ,WI,"25,060"
Maywood,IL,"25,035"
Lafayette ,CA,"25,011"
Westmont,IL,"24,979"
Vicksburg ,MS,"24,974"
Little Elm ,TX,"24,947"
San Luis ,AZ,"24,909"
Owatonna ,MN,"24,855"
University Park ,TX,"24,853"
Lockport ,IL,"24,810"
Ardmore ,OK,"24,810"
Paragould ,AR,"24,800"
De Pere ,WI,"24,779"
Belmont ,CA,"24,776"
Casselberry ,FL,"24,759"
El Mirage ,AZ,"24,751"
Rockledge ,FL,"24,747"
Bridgeton ,NJ,"24,742"
Wyandotte ,MI,"24,739"
Kingsville ,TX,"24,702"
Horn Lake ,MS,"24,669"
Lebanon ,TN,"24,648"
Wasco ,CA,"24,628"
Freeport ,IL,"24,615"
Asheboro ,NC,"24,609"
Barstow ,CA,"24,596"
Belton ,MO,"24,591"
Edwardsville ,IL,"24,557"
Greer ,SC,"24,557"
Redmond ,OR,"24,551"
Sherwood ,AR,"24,542"
Ponca City ,OK,"24,507"
East Cleveland ,OH,"24,507"
Desert Hot Springs ,CA,"24,489"
Cornelius,NC,"24,487"
Hercules ,CA,"24,484"
Peekskill ,NY,"24,484"
Vernon Hills,IL,"24,462"
Aberdeen ,SD,"24,460"
Loves Park ,IL,"24,457"
South Pasadena ,CA,"24,446"
Colleyville ,TX,"24,428"
Rockville Centre,NY,"24,414"
Pearl ,MS,"24,400"
Crown Point ,IN,"24,376"
Queen Creek,AZ,"24,361"
Ottumwa ,IA,"24,342"
Cudahy ,CA,"24,334"
Geneva ,IL,"24,302"
Big Spring ,TX,"24,270"
Caledonia,WI,"24,220"
New Castle ,PA,"24,212"
Starkville ,MS,"24,187"
Mercer Island ,WA,"24,163"
Ridgewood,NJ,"24,163"
Elizabethtown ,KY,"24,144"
New Lenox,IL,"24,137"
Seal Beach ,CA,"24,127"
Chaska ,MN,"24,116"
North Platte ,NE,"24,107"
Lebanon ,PA,"24,097"
White Bear Lake ,MN,"24,095"
Lemon Grove ,CA,"24,089"
Issaquah ,WA,"24,057"
Elmwood Park,IL,"24,052"
Grandview ,MO,"24,033"
Galt ,CA,"24,026"
Parkland ,FL,"24,017"
Watauga ,TX,"24,005"
Denison ,TX,"24,001"
Avon Lake ,OH,"23,996"
Laguna Beach ,CA,"23,995"
Doral ,FL,"23,974"
Staunton ,VA,"23,967"
Woodstock ,IL,"23,930"
Dolton,IL,"23,889"
Lemoore ,CA,"23,873"
Fairfax ,VA,"23,844"
Homewood ,AL,"23,840"
Prior Lake ,MN,"23,836"
San Fernando ,CA,"23,833"
South Portland ,ME,"23,803"
Marshall ,TX,"23,798"
Ossining,NY,"23,798"
Columbus ,MS,"23,798"
Lodi,NJ,"23,776"
Wentzville ,MO,"23,768"
Papillion ,NE,"23,739"
Ramsey ,MN,"23,734"
Walker ,MI,"23,722"
Griffin ,GA,"23,719"
Athens ,AL,"23,715"
West Fargo ,ND,"23,708"
Maple Heights ,OH,"23,667"
Anniston ,AL,"23,662"
Cabot ,AR,"23,614"
Pascagoula ,MS,"23,609"
Mequon ,WI,"23,584"
Newport ,RI,"23,523"
Champlin ,MN,"23,503"
Chanhassen ,MN,"23,480"
Rolling Meadows ,IL,"23,463"
Reedley ,CA,"23,439"
Tarpon Springs ,FL,"23,369"
Carteret,NJ,"23,367"
Fitchburg ,WI,"23,344"
South Lake Tahoe ,CA,"23,333"
New Smyrna Beach ,FL,"23,325"
Norton Shores ,MI,"23,307"
Carrollton ,GA,"23,291"
Franklin ,IN,"23,258"
Muskego ,WI,"23,234"
Opelousas ,LA,"23,220"
Roselle,IL,"23,209"
Elk River ,MN,"23,194"
Auburn ,ME,"23,177"
Hopewell ,VA,"23,142"
Woodstock ,GA,"23,141"
Lisle,IL,"23,135"
Northport ,AL,"23,118"
Hudson ,OH,"23,037"
Romulus ,MI,"22,963"
Benbrook ,TX,"22,957"
Newberg ,OR,"22,953"
Norfolk ,NE,"22,940"
Watertown ,WI,"22,930"
Huntley,IL,"22,923"
Sahuarita,AZ,"22,913"
Centerville ,OH,"22,904"
Oxford ,OH,"22,887"
Cliffside Park,NJ,"22,863"
Alvin ,TX,"22,853"
Yukon ,OK,"22,849"
Kerrville ,TX,"22,821"
Fredericksburg ,VA,"22,818"
Machesney Park,IL,"22,815"
Selma ,CA,"22,807"
Austin ,MN,"22,800"
Moscow ,ID,"22,798"
East Peoria ,IL,"22,760"
Oak Harbor ,WA,"22,744"
Woodburn ,OR,"22,728"
Brawley ,CA,"22,725"
Canton ,GA,"22,724"
Palmetto Bay,FL,"22,666"
Highland,IN,"22,641"
Coronado ,CA,"22,633"
South Plainfield,NJ,"22,623"
Temple Terrace ,FL,"22,619"
Duncan ,OK,"22,617"
Park Forest,IL,"22,583"
Willoughby ,OH,"22,561"
Van Buren ,AR,"22,543"
Greenwood ,SC,"22,533"
Derby ,KS,"22,517"
Muscatine ,IA,"22,504"
Morton Grove,IL,"22,478"
Alliance ,OH,"22,476"
Kingston ,NY,"22,441"
Keene ,NH,"22,407"
Kernersville,NC,"22,392"
Darien ,IL,"22,370"
Key West ,FL,"22,364"
Kinston ,NC,"22,360"
Webster Groves ,MO,"22,335"
Laurel ,MD,"22,329"
Blue Island ,IL,"22,325"
Eagle Mountain ,UT,"22,309"
Searcy ,AR,"22,299"
Chillicothe ,OH,"22,296"
Agoura Hills ,CA,"22,283"
Garden City,NY,"22,275"
El Cerrito ,CA,"22,222"
Villa Park,IL,"22,198"
Syracuse ,UT,"22,195"
Calabasas ,CA,"22,185"
Brandon ,MS,"22,160"
McKeesport ,PA,"22,130"
Hastings ,MN,"22,126"
Leesburg ,FL,"22,113"
Munster,IN,"22,105"
Athens ,OH,"22,088"
Del City ,OK,"22,067"
Herndon,VA,"22,045"
Radcliff ,KY,"22,013"
Faribault ,MN,"22,009"
Lumberton ,NC,"22,006"
Mooresville,NC,"21,954"
Waynesboro ,VA,"21,953"
Bainbridge Island ,WA,"21,890"
Clarksville,IN,"21,873"
Solon ,OH,"21,866"
Melrose Park,IL,"21,853"
Ashland ,OH,"21,850"
Bloomingdale,IL,"21,848"
Libertyville,IL,"21,843"
Duarte ,CA,"21,839"
Kiryas Joel,NY,"21,793"
Mauldin ,SC,"21,784"
Havelock ,NC,"21,764"
Grayslake,IL,"21,735"
Hazleton ,PA,"21,732"
Miami Lakes,FL,"21,727"
Blythe ,CA,"21,727"
Forest Park ,GA,"21,726"
Mount Juliet ,TN,"21,718"
Charleston ,IL,"21,715"
Crystal ,MN,"21,707"
Independence ,KY,"21,694"
Jacksonville Beach ,FL,"21,673"
Johnstown ,PA,"21,641"
South Salt Lake ,UT,"21,607"
Loma Linda ,CA,"21,601"
Columbus ,NE,"21,595"
Georgetown ,KY,"21,589"
New Brighton ,MN,"21,563"
Naples ,FL,"21,532"
Ridgeland ,MS,"21,509"
Prairie Village ,KS,"21,479"
Port Hueneme ,CA,"21,478"
Ypsilanti ,MI,"21,464"
Shelby ,NC,"21,449"
Biddeford ,ME,"21,435"
Edgewater ,FL,"21,415"
South El Monte ,CA,"21,397"
Adrian ,MI,"21,391"
Ashland ,OR,"21,390"
Monroe ,MI,"21,374"
Ashland ,KY,"21,346"
Plainview ,TX,"21,334"
Pottstown,PA,"21,288"
Pelham ,AL,"21,266"
South Euclid ,OH,"21,209"
Rosemount ,MN,"21,197"
Kalispell ,MT,"21,182"
La Porte ,IN,"21,174"
Sapulpa ,OK,"21,173"
Westfield,IN,"21,171"
North Plainfield,NJ,"21,143"
South Elgin,IL,"21,131"
South Milwaukee ,WI,"21,129"
Ruston ,LA,"21,123"
Ferndale ,MI,"21,112"
Greenbelt ,MD,"21,098"
South Holland,IL,"21,083"
Mountain Brook ,AL,"21,061"
Lake Forest ,IL,"20,990"
Sedalia ,MO,"20,990"
Forest Grove ,OR,"20,985"
Ferguson ,MO,"20,964"
Venice ,FL,"20,946"
Auburn Hills ,MI,"20,931"
Marquette ,MI,"20,916"
East Moline ,IL,"20,892"
Holly Springs,NC,"20,870"
Millbrae ,CA,"20,800"
Florence,AZ,"20,781"
Corinth ,TX,"20,773"
Mukilteo ,WA,"20,742"
North Augusta ,SC,"20,712"
Milwaukie ,OR,"20,707"
Milledgeville ,GA,"20,703"
Wadsworth ,OH,"20,696"
Gardner ,MA,"20,682"
Roseburg ,OR,"20,681"
Bixby ,OK,"20,678"
La Ca_ada Flintridge ,CA,"20,671"
Junction City ,KS,"20,671"
West Mifflin,PA,"20,669"
Lockport ,NY,"20,630"
Oxford ,AL,"20,622"
Lake Zurich,IL,"20,610"
Riverbank ,CA,"20,606"
Arnold ,MO,"20,603"
Roselle,NJ,"20,599"
Piqua ,OH,"20,582"
Summit ,NJ,"20,557"
Lebanon ,OH,"20,535"
Hamtramck ,MI,"20,512"
Cumberland ,MD,"20,495"
Watertown ,SD,"20,488"
Crest Hill ,IL,"20,451"
Portsmouth ,NH,"20,443"
New Hope ,MN,"20,428"
Lexington ,NC,"20,407"
Yucca Valley,CA,"20,375"
Kenmore ,WA,"20,374"
Mint Hill,NC,"20,369"
Hays ,KS,"20,368"
Farragut,TN,"20,350"
Golden Valley ,MN,"20,344"
Norwood ,OH,"20,341"
Dinuba ,CA,"20,335"
Easley ,SC,"20,325"
Oakdale ,CA,"20,299"
Portsmouth ,OH,"20,297"
Saginaw ,TX,"20,295"
Klamath Falls ,OR,"20,276"
Sebastian ,FL,"20,265"
Rock Springs ,WY,"20,200"
Lino Lakes ,MN,"20,174"
Lomita ,CA,"20,156"
Point Pleasant,NJ,"20,139"
Bensenville,IL,"20,138"
Snellville ,GA,"20,112"
Elizabeth City ,NC,"20,025"
Balch Springs ,TX,"20,003"
Brownsburg,IN,"19,994"
Gallup ,NM,"19,979"
College Park ,GA,"19,969"
Sidney ,OH,"19,944"
Maple Valley ,WA,"19,929"
Mountlake Terrace ,WA,"19,912"
El Dorado ,AR,"19,905"
Brookings ,SD,"19,865"
Lynbrook,NY,"19,852"
Pleasant Prairie,WI,"19,847"
Hammond ,LA,"19,803"
Albertville ,AL,"19,794"
Miamisburg ,OH,"19,793"
McDonough ,GA,"19,768"
Parma Heights ,OH,"19,757"
Glassboro,NJ,"19,751"
Macomb ,IL,"19,736"
Bethany ,OK,"19,729"
Tinton Falls,NJ,"19,703"
Ashtabula ,OH,"19,689"
Fountain ,CO,"19,669"
Shelbyville ,TN,"19,669"
Deerfield,IL,"19,667"
Pittsburg ,KS,"19,649"
East Ridge ,TN,"19,642"
Northfield ,MN,"19,633"
Hialeah Gardens ,FL,"19,631"
Germantown,WI,"19,594"
Nogales ,AZ,"19,573"
Cary,IL,"19,559"
South St. Paul ,MN,"19,552"
Stafford ,TX,"19,541"
Terrell ,TX,"19,527"
Eastlake ,OH,"19,520"
Ennis ,TX,"19,506"
Orange ,TX,"19,494"
Murrysville,PA,"19,488"
Christiansburg,VA,"19,477"
Acworth ,GA,"19,476"
Eagle ,ID,"19,471"
Sulphur ,LA,"19,450"
Crestview ,FL,"19,444"
Ottawa ,IL,"19,419"
Jacksonville ,IL,"19,415"
Plattsburgh ,NY,"19,393"
Palisades Park,NJ,"19,375"
Evergreen Park,IL,"19,359"
Hermosa Beach ,CA,"19,350"
Thomasville ,GA,"19,286"
Niles ,OH,"19,268"
Morristown,NJ,"19,268"
Mokena,IL,"19,236"
Seymour ,IN,"19,223"
Brook Park ,OH,"19,194"
Chowchilla ,CA,"19,193"
Sylvania ,OH,"19,185"
Brownwood ,TX,"19,140"
Louisville ,CO,"19,133"
Eustis ,FL,"19,129"
Mineola,NY,"19,108"
Madisonville ,KY,"19,106"
Daphne ,AL,"19,093"
Farmington ,MN,"19,057"
Haines City ,FL,"19,056"
Wilsonville ,OR,"19,055"
Patterson ,CA,"19,034"
Warrensburg ,MO,"19,034"
Bourbonnais,IL,"19,024"
Fairmont ,WV,"19,024"
Cartersville ,GA,"19,010"
Seminole ,FL,"19,002"
Decatur ,GA,"18,986"
Trussville ,AL,"18,985"
Port Angeles ,WA,"18,982"
Indian Trail,NC,"18,976"
Coalinga ,CA,"18,974"
Bellwood,IL,"18,973"
West St. Paul ,MN,"18,935"
Birmingham ,MI,"18,932"
Oregon ,OH,"18,921"
Altus ,OK,"18,912"
Rocky River ,OH,"18,900"
Fort Walton Beach ,FL,"18,880"
Pleasantville ,NJ,"18,853"
Selma ,AL,"18,847"
Evans ,CO,"18,842"
Nixa ,MO,"18,829"
Steubenville ,OH,"18,820"
Cudahy ,WI,"18,809"
Pinole ,CA,"18,808"
Moses Lake ,WA,"18,800"
Greenfield ,IN,"18,787"
Weirton ,WV,"18,748"
Brigham City ,UT,"18,709"
St. Matthews ,KY,"18,709"
Laurel ,MS,"18,693"
Alsip,IL,"18,692"
Sachse ,TX,"18,688"
Central Falls ,RI,"18,683"
Logansport ,IN,"18,663"
Elmwood Park,NJ,"18,634"
Pinecrest,FL,"18,614"
Angleton ,TX,"18,613"
Tullahoma ,TN,"18,579"
Manchester ,MO,"18,569"
Baldwin,PA,"18,562"
Shelbyville ,IN,"18,516"
Forest Park ,OH,"18,514"
Ansonia ,CT,"18,503"
Sand Springs ,OK,"18,489"
Coralville ,IA,"18,478"
Homewood,IL,"18,475"
Painesville ,OH,"18,474"
Orinda ,CA,"18,445"
Hinsdale,IL,"18,439"
Rolla ,MO,"18,438"
Cortland ,NY,"18,434"
Mamaroneck,NY,"18,413"
Palestine ,TX,"18,390"
McAlester ,OK,"18,388"
Carlisle,PA,"18,379"
Universal City ,TX,"18,376"
New Castle ,IN,"18,339"
West Chester,PA,"18,315"
Chambersburg,PA,"18,302"
Augusta ,ME,"18,282"
Marshfield ,WI,"18,267"
Natchitoches ,LA,"18,241"
Marysville ,OH,"18,212"
Columbia Heights ,MN,"18,210"
Bellaire ,TX,"18,197"
Whitehall ,OH,"18,180"
Laguna Woods ,CA,"18,170"
Carrboro,NC,"18,162"
Newton ,KS,"18,133"
Saco ,ME,"18,125"
Covington ,WA,"18,115"
Ozark ,MO,"18,095"
Brookfield,IL,"18,077"
Windsor,CO,"18,058"
Clarksdale ,MS,"18,006"
Hawthorne,NJ,"17,997"
Montrose ,CO,"17,989"
Berea ,OH,"17,987"
Frankfort,IL,"17,981"
Vincennes ,IN,"17,976"
Franklin Park,IL,"17,965"
Trenton ,MI,"17,965"
Hazel Park ,MI,"17,955"
Camas ,WA,"17,950"
Marina ,CA,"17,943"
Stillwater ,MN,"17,896"
Bay City ,TX,"17,891"
Lenoir ,NC,"17,890"
Dickinson ,TX,"17,886"
Belton ,TX,"17,876"
Dover,NJ,"17,860"
Willmar ,MN,"17,774"
Colonial Heights ,VA,"17,768"
Mayfield Heights ,OH,"17,737"
Mustang ,OK,"17,727"
Washington ,UT,"17,716"
Raymore ,MO,"17,703"
Takoma Park ,MD,"17,701"
Scarsdale,NY,"17,695"
Herriman ,UT,"17,689"
Westminster ,MD,"17,689"
North Ogden ,UT,"17,682"
Madison ,MS,"17,681"
Sycamore ,IL,"17,679"
Lackawanna ,NY,"17,588"
New Port Richey ,FL,"17,578"
South Burlington ,VT,"17,574"
Springboro ,OH,"17,551"
Newburyport ,MA,"17,542"
Amsterdam ,NY,"17,533"
Pickerington ,OH,"17,531"
Godfrey,IL,"17,524"
Wilkinsburg,PA,"17,522"
Douglas ,AZ,"17,515"
Converse ,TX,"17,510"
Dublin ,GA,"17,509"
Lindenwold,NJ,"17,485"
Gardner ,KS,"17,462"
Claremore ,OK,"17,458"
Rutherford,NJ,"17,454"
Hannibal ,MO,"17,432"
Payson ,UT,"17,429"
Bristol ,VA,"17,424"
Matteson,IL,"17,420"
Dixon ,CA,"17,412"
Twinsburg ,OH,"17,394"
Albert Lea ,MN,"17,389"
Marion ,IL,"17,388"
Massapequa Park,NY,"17,385"
Pampa ,TX,"17,382"
Sherwood ,OR,"17,373"
Forest Lake ,MN,"17,373"
Kirksville ,MO,"17,368"
Oswego ,NY,"17,351"
Tiffin ,OH,"17,347"
Susanville ,CA,"17,336"
Golden ,CO,"17,321"
New Philadelphia ,OH,"17,319"
Tallmadge ,OH,"17,293"
Anoka ,MN,"17,289"
Tifton ,GA,"17,284"
Broadview Heights ,OH,"17,274"
Oxford ,MS,"17,265"
Springfield ,TN,"17,261"
Ashwaubenon,WI,"17,235"
Clemmons,NC,"17,234"
Farmington ,UT,"17,217"
Sugar Hill ,GA,"17,204"
Lathrop ,CA,"17,197"
Sheridan ,WY,"17,197"
Morganton ,NC,"17,194"
Erlanger ,KY,"17,188"
Arroyo Grande ,CA,"17,180"
Mattoon ,IL,"17,177"
Wisconsin Rapids ,WI,"17,164"
Santa Fe Springs ,CA,"17,159"
Elko ,NV,"17,156"
Ocean Springs ,MS,"17,149"
Avenal ,CA,"17,147"
Fairhope ,AL,"17,147"
Simpsonville ,SC,"17,144"
Ellensburg ,WA,"17,141"
Dyersburg ,TN,"17,126"
Poplar Bluff ,MO,"17,096"
Donna ,TX,"17,094"
Tukwila ,WA,"17,092"
Safety Harbor ,FL,"17,089"
Avon ,OH,"17,086"
Goodlettsville ,TN,"17,075"
Laconia ,NH,"17,065"
Chickasha ,OK,"17,062"
Monroe ,WA,"17,059"
Sikeston ,MO,"17,053"
Moraga,CA,"17,050"
Perrysburg ,OH,"17,049"
Arcata ,CA,"17,044"
Martinsburg ,WV,"17,020"
Fuquay-Varina,NC,"17,002"
Vero Beach ,FL,"16,982"
Dumont,NJ,"16,968"
Union City ,GA,"16,961"
Hopkins ,MN,"16,961"
Talladega ,AL,"16,943"
North Canton ,OH,"16,925"
Palos Hills ,IL,"16,924"
Stephenville ,TX,"16,921"
Bartow ,FL,"16,919"
Mill Creek ,WA,"16,907"
Mineral Wells ,TX,"16,880"
Creve Coeur ,MO,"16,868"
Sevierville ,TN,"16,846"
Beckley ,WV,"16,832"
Battle Ground ,WA,"16,812"
Arlington ,WA,"16,810"
Bonney Lake ,WA,"16,809"
Anacortes ,WA,"16,798"
Mount Clemens ,MI,"16,781"
Onalaska ,WI,"16,778"
St. Marys ,GA,"16,763"
Howard,WI,"16,753"
Round Lake,IL,"16,748"
Rutland ,VT,"16,742"
Highland Village ,TX,"16,737"
Country Club Hills ,IL,"16,723"
Grandville ,MI,"16,718"
Rancho Mirage ,CA,"16,714"
Belle Glade ,FL,"16,681"
Fremont ,OH,"16,655"
Fairview Heights ,IL,"16,643"
La Vista ,NE,"16,643"
Shively ,KY,"16,641"
Millbrook ,AL,"16,640"
Norwalk ,OH,"16,637"
Menasha ,WI,"16,627"
Tahlequah ,OK,"16,623"
Alamo ,TX,"16,608"
Winchester ,KY,"16,598"
Asbury Park ,NJ,"16,546"
El Reno ,OK,"16,545"
Westbrook ,ME,"16,534"
Americus ,GA,"16,524"
Huntington ,IN,"16,521"
Yorkville ,IL,"16,505"
Central Point ,OR,"16,503"
Portland ,TX,"16,490"
Cocoa ,FL,"16,478"
Midlothian ,TX,"16,478"
Gainesville ,TX,"16,452"
Durant ,OK,"16,450"
Mesquite ,NV,"16,444"
Palm Springs,FL,"16,442"
Clarksburg ,WV,"16,441"
Erie,CO,"16,432"
Durango ,CO,"16,416"
Natchez ,MS,"16,413"
Roanoke Rapids ,NC,"16,403"
Gretna ,LA,"16,399"
Frankfort ,IN,"16,394"
Bella Vista,AR,"16,388"
Phoenixville,PA,"16,382"
Pendleton ,OR,"16,380"
South Houston ,TX,"16,351"
Punta Gorda ,FL,"16,343"
Hermitage ,PA,"16,327"
Sunny Isles Beach ,FL,"16,317"
American Canyon ,CA,"16,315"
Griffith,IN,"16,311"
Gautier ,MS,"16,306"
DeBary ,FL,"16,303"
White Settlement ,TX,"16,301"
Mount Vernon ,IL,"16,298"
Suwanee ,GA,"16,277"
Brunswick ,GA,"16,269"
Artesia ,CA,"16,244"
Middleton ,WI,"16,244"
El Segundo ,CA,"16,217"
Hibbing ,MN,"16,209"
Maumelle ,AR,"16,201"
Easthampton ,MA,"16,195"
Highland ,UT,"16,189"
Truckee,CA,"16,185"
Lemont,IL,"16,176"
Uvalde ,TX,"16,142"
Radford ,VA,"16,125"
Blytheville ,AR,"16,105"
Farmington ,MO,"16,097"
Nederland ,TX,"16,096"
Greenwood ,MS,"16,084"
Hanahan ,SC,"16,065"
Defiance ,OH,"16,063"
Saratoga Springs ,UT,"16,053"
Prospect Heights ,IL,"16,047"
Aberdeen ,WA,"16,042"
Morton,IL,"16,039"
Mount Vernon ,OH,"16,037"
Dickinson ,ND,"16,035"
Waterville ,ME,"16,016"
Madison,NJ,"16,009"
Albany ,CA,"16,004"
New Milford,NJ,"15,947"
Dyer,IN,"15,913"
Lexington,SC,"15,901"
Conway ,SC,"15,894"
Dallas ,OR,"15,892"
South Ogden ,UT,"15,891"
Ca_on City ,CO,"15,889"
Stuart ,FL,"15,858"
Henderson ,NC,"15,850"
Floral Park,NY,"15,846"
North Myrtle Beach ,SC,"15,816"
North Aurora,IL,"15,812"
Shafter ,CA,"15,800"
Newport ,KY,"15,766"
Fairview Park ,OH,"15,762"
Hueytown ,AL,"15,751"
Centerville ,UT,"15,720"
Westchester,IL,"15,710"
Centralia ,WA,"15,710"
Johnston ,IA,"15,691"
Red Wing ,MN,"15,687"
South River,NJ,"15,682"
Coos Bay ,OR,"15,665"
Canby ,OR,"15,637"
Marco Island ,FL,"15,634"
Overland ,MO,"15,632"
Powder Springs ,GA,"15,614"
La Palma ,CA,"15,603"
Jenks ,OK,"15,590"
West University Place ,TX,"15,583"
Menomonie ,WI,"15,581"
Great Bend ,KS,"15,564"
Laurinburg ,NC,"15,548"
Lansdale,PA,"15,526"
Danville ,KY,"15,524"
Albemarle ,NC,"15,522"
Shorewood,IL,"15,521"
Hopatcong,NJ,"15,491"
Payson,AZ,"15,486"
Deming ,NM,"15,480"
Sulphur Springs ,TX,"15,473"
Greeneville,TN,"15,440"
Troutdale ,OR,"15,438"
Kaukauna ,WI,"15,414"
Moultrie ,GA,"15,409"
Center Point ,AL,"15,408"
Lebanon ,IN,"15,400"
Lebanon ,OR,"15,397"
Hyattsville ,MD,"15,376"
Secaucus,NJ,"15,372"
West Melbourne ,FL,"15,328"
Depew,NY,"15,307"
Hermiston ,OR,"15,297"
Cullman ,AL,"15,295"
Opa-locka ,FL,"15,287"
Riverdale ,GA,"15,279"
St. Michael ,MN,"15,278"
Brenham ,TX,"15,270"
Lynn Haven ,FL,"15,254"
Gatesville ,TX,"15,252"
Greensburg ,PA,"15,249"
La Grange,IL,"15,244"
Clive ,IA,"15,234"
Montgomery,IL,"15,229"
Hawaiian Gardens ,CA,"15,229"
Forest Park,IL,"15,224"
Forney ,TX,"15,223"
Greenfield ,CA,"15,222"
Fort Thomas ,KY,"15,222"
Batavia ,NY,"15,202"
Harrison,NJ,"15,201"
Milton ,GA,"15,156"
Grosse Pointe Woods ,MI,"15,154"
Lake Mary ,FL,"15,143"
Fayetteville ,GA,"15,136"
Beaver Dam ,WI,"15,133"
Mercedes ,TX,"15,131"
Sterling ,IL,"15,124"
Cahokia,IL,"15,103"
Alexander City ,AL,"15,080"
Arvin ,CA,"15,070"
Westbury,NY,"15,065"
Rye ,NY,"15,060"
Fillmore ,CA,"15,053"
Crawfordsville ,IN,"15,043"
Newton ,IA,"15,042"
Clearlake ,CA,"15,040"
Bryant ,AR,"15,040"
Dixon ,IL,"15,033"
Bellevue,WI,"15,031"
Bridgeton ,MO,"15,028"
Hanover,PA,"15,025"
Cohoes ,NY,"15,025"
Ham Lake ,MN,"15,020"
Mount Pleasant ,TX,"15,011"
Kenmore,NY,"15,002"
Scottsboro ,AL,"14,994"
Bridgeview,IL,"14,991"
Paradise Valley,AZ,"14,990"
Gloversville ,NY,"14,990"
Covington ,GA,"14,980"
Bradley,IL,"14,964"
Addison,TX,"14,964"
Owosso ,MI,"14,963"
Ukiah ,CA,"14,956"
Sunnyside ,WA,"14,949"
Lady Lake,FL,"14,940"
New Franklin ,OH,"14,937"
Maitland ,FL,"14,931"
Middleburg Heights ,OH,"14,928"
Vienna,VA,"14,903"
Fraser ,MI,"14,902"
Humble ,TX,"14,899"
Pooler ,GA,"14,875"
Reidsville ,NC,"14,871"
Sharon ,PA,"14,869"
Elkton,MD,"14,842"
Siloam Springs ,AR,"14,825"
Tonawanda ,NY,"14,819"
Calhoun ,GA,"14,807"
Berkley ,MI,"14,787"
Scottsbluff ,NE,"14,785"
Murphy ,TX,"14,779"
Pineville ,LA,"14,776"
Waycross ,GA,"14,774"
Ocean City ,NJ,"14,756"
Indiana,PA,"14,754"
Washington ,PA,"14,754"
Mitchell ,SD,"14,752"
Johnson City,NY,"14,727"
Boulder City ,NV,"14,720"
Allouez,WI,"14,718"
Ozark ,AL,"14,711"
North Arlington,NJ,"14,701"
Lindenhurst,IL,"14,695"
Oroville ,CA,"14,684"
Easton,MD,"14,677"
Grenada ,MS,"14,664"
Tenafly,NJ,"14,662"
Panama City Beach ,FL,"14,642"
Helena ,AL,"14,639"
Jamestown ,ND,"14,630"
Jennings ,MO,"14,625"
Front Royal,VA,"14,616"
Bay Village ,OH,"14,606"
Canyon ,TX,"14,602"
Pacific Grove ,CA,"14,601"
Ramsey,NJ,"14,595"
Beacon ,NY,"14,566"
California City ,CA,"14,556"
Cibolo ,TX,"14,555"
Aurora ,OH,"14,548"
Canton ,IL,"14,545"
Martinsville ,VA,"14,543"
Lincoln ,IL,"14,541"
Graham ,NC,"14,533"
Phillipsburg,NJ,"14,528"
Eufaula ,AL,"14,502"
Hereford ,TX,"14,499"
Streetsboro ,OH,"14,488"
Lake Wales ,FL,"14,474"
Ripon ,CA,"14,473"
Sunland Park ,NM,"14,453"
West Park ,FL,"14,432"
Berea ,KY,"14,431"
Pottsville ,PA,"14,405"
Traverse City ,MI,"14,398"
Groves ,TX,"14,393"
Washington ,MO,"14,392"
Jacksonville ,TX,"14,367"
Indianola ,IA,"14,361"
Stockbridge ,GA,"14,360"
Auburndale ,FL,"14,353"
River Falls ,WI,"14,352"
Lebanon ,MO,"14,336"
Beech Grove ,IN,"14,316"
Marietta ,OH,"14,307"
Glasgow ,KY,"14,302"
Whitewater ,WI,"14,291"
Palmetto ,FL,"14,284"
Athens ,TN,"14,275"
Corinth ,MS,"14,253"
Zachary ,LA,"14,252"
Highland Park,NJ,"14,245"
La Marque ,TX,"14,236"
Greenwood Village ,CO,"14,230"
Moberly ,MO,"14,227"
Buffalo ,MN,"14,222"
Eatontown,NJ,"14,195"
Oconomowoc ,WI,"14,172"
Riverdale,IL,"14,163"
Lake St. Louis ,MO,"14,160"
Los Lunas,NM,"14,153"
Highland Park ,MI,"14,153"
Olean ,NY,"14,149"
Jasper ,AL,"14,131"
Vandalia ,OH,"14,124"
Jasper ,IN,"14,116"
Tumwater ,WA,"14,100"
Sault Ste. Marie ,MI,"14,087"
Hazel Crest,IL,"14,075"
Winder ,GA,"14,064"
Fort Payne ,AL,"14,061"
Thibodaux ,LA,"14,052"
Channahon,IL,"14,030"
Red Bluff ,CA,"14,025"
Aberdeen ,MD,"13,993"
Greendale,WI,"13,978"
Dunmore,PA,"13,978"
Culpeper,VA,"13,977"
Dickson ,TN,"13,972"
Elizabethton ,TN,"13,955"
Norridge,IL,"13,954"
Moss Point ,MS,"13,951"
Rio Grande City ,TX,"13,950"
Boone,NC,"13,945"
Washington ,IL,"13,942"
Butler ,PA,"13,933"
Connersville ,IN,"13,931"
Crowley ,LA,"13,922"
Dumas ,TX,"13,916"
Carthage ,MO,"13,916"
Sartell ,MN,"13,915"
West Columbia ,SC,"13,914"
Katy ,TX,"13,913"
Hutchinson ,MN,"13,913"
Callaway ,FL,"13,899"
Pierre ,SD,"13,899"
Antioch,IL,"13,892"
Hartselle ,AL,"13,888"
Glens Falls ,NY,"13,877"
Otsego ,MN,"13,874"
Forest Hill ,TX,"13,858"
Maumee ,OH,"13,856"
Wood Dale ,IL,"13,855"
Altoona ,IA,"13,854"
Hartford ,WI,"13,853"
Lyndhurst ,OH,"13,848"
Las Vegas ,NM,"13,818"
Collingswood,NJ,"13,817"
Morris ,IL,"13,812"
Foley ,AL,"13,807"
Yankton ,SD,"13,798"
Streator ,IL,"13,780"
Cusseta,GA,"13,754"
Tavares ,FL,"13,746"
Jackson ,MO,"13,744"
Willowick ,OH,"13,727"
North Adams ,MA,"13,711"
Morrisville,NC,"13,699"
Brainerd ,MN,"13,691"
New Haven ,IN,"13,685"
McComb ,MS,"13,684"
Circleville ,OH,"13,681"
New Kensington ,PA,"13,667"
Gardendale ,AL,"13,665"
South Daytona ,FL,"13,662"
Lockhart ,TX,"13,661"
Kingsland ,GA,"13,659"
Midlothian,IL,"13,657"
Zionsville,IN,"13,655"
Carpinteria ,CA,"13,655"
Washington Court House ,OH,"13,654"
Imperial ,CA,"13,648"
Ammon ,ID,"13,646"
Middlesex,NJ,"13,644"
Fergus Falls ,MN,"13,636"
Warsaw ,IN,"13,627"
Warrensville Heights ,OH,"13,618"
Lake Stevens ,WA,"13,599"
Hutto ,TX,"13,599"
Palos Verdes Estates ,CA,"13,585"
Whitefish Bay,WI,"13,584"
Centralia ,IL,"13,569"
Hewitt ,TX,"13,561"
Conyers ,GA,"13,545"
Bemidji ,MN,"13,541"
Fairview,NJ,"13,540"
Robbinsdale ,MN,"13,518"
Washougal ,WA,"13,509"
Longwood ,FL,"13,493"
Richmond ,TX,"13,493"
Bedford ,IN,"13,486"
Weston,WI,"13,447"
North Salt Lake ,UT,"13,446"
Commerce ,CA,"13,435"
Wixom ,MI,"13,425"
Hammonton,NJ,"13,424"
St. Marys ,PA,"13,409"
Oldsmar ,FL,"13,401"
Livingston ,CA,"13,400"
Moody ,AL,"13,400"
Whitehall,PA,"13,400"
McPherson ,KS,"13,396"
Princeton,NJ,"13,391"
Monroe ,GA,"13,381"
Sharonville ,OH,"13,377"
Newton ,NC,"13,372"
Chicago Ridge,IL,"13,366"
Baker ,LA,"13,360"
Kuna ,ID,"13,354"
Hickory Hills ,IL,"13,326"
Hurricane ,UT,"13,321"
Worthington ,OH,"13,314"
Oakland,NJ,"13,312"
Brookhaven ,MS,"13,296"
Forrest City ,AR,"13,281"
Parlier ,CA,"13,273"
McMinnville ,TN,"13,270"
Mill Valley ,CA,"13,268"
Hope Mills,NC,"13,262"
Lake Station ,IN,"13,246"
Meadville ,PA,"13,233"
Shorewood,WI,"13,226"
Orangeburg ,SC,"13,224"
Auburn ,CA,"13,219"
Geneva ,NY,"13,216"
Oneonta ,NY,"13,208"
Harrison ,AR,"13,200"
Gaffney ,SC,"13,200"
Holly Hill ,FL,"13,199"
Zephyrhills ,FL,"13,152"
Atlantic Beach ,FL,"13,147"
Live Oak ,TX,"13,142"
Hugo ,MN,"13,139"
Grover Beach ,CA,"13,131"
Beach Park,IL,"13,119"
Clermont ,FL,"13,100"
Metuchen,NJ,"13,098"
Havre de Grace ,MD,"13,085"
Ephrata,PA,"13,074"
Sweetwater ,FL,"13,072"
New Ulm ,MN,"13,048"
Horizon City ,TX,"13,043"
Warrenville ,IL,"13,033"
Muscle Shoals ,AL,"13,032"
Miami ,OK,"13,027"
Auburn ,IN,"13,026"
Clemson ,SC,"13,012"
Malibu ,CA,"13,009"
Fostoria ,OH,"13,000"
St. John,IN,"12,999"
Glendale ,WI,"12,992"
Greenville ,OH,"12,983"
Wickliffe ,OH,"12,983"
Claremont ,NH,"12,968"
Stoughton ,WI,"12,966"
Bedford ,OH,"12,965"
Smithfield,NC,"12,965"
Minden ,LA,"12,962"
Saraland ,AL,"12,946"
Kingston,PA,"12,943"
Fernley ,NV,"12,942"
Franklin ,OH,"12,941"
Chippewa Falls ,WI,"12,929"
Swansea,IL,"12,927"
West Monroe ,LA,"12,899"
Lewisville,NC,"12,878"
Hayden ,ID,"12,873"
Mount Dora ,FL,"12,869"
Brecksville ,OH,"12,851"
Ottawa ,KS,"12,850"
Sylacauga ,AL,"12,843"
Richton Park,IL,"12,842"
Pell City ,AL,"12,841"
Villa Rica ,GA,"12,838"
Solana Beach ,CA,"12,825"
San Marino ,CA,"12,808"
Lebanon ,NH,"12,806"
Roselle Park,NJ,"12,802"
Sterling ,CO,"12,800"
Blue Ash ,OH,"12,783"
Bloomsburg,PA,"12,772"
Beatrice ,NE,"12,769"
St. Ann ,MO,"12,766"
West Carrollton City ,OH,"12,761"
Babylon,NY,"12,760"
Eloy ,AZ,"12,750"
Kerman ,CA,"12,737"
Madison ,IN,"12,716"
Fulton ,MO,"12,707"
Chesterton,IN,"12,705"
Western Springs,IL,"12,690"
Englewood ,OH,"12,686"
Pataskala ,OH,"12,683"
Beeville ,TX,"12,682"
La Grande ,OR,"12,682"
Ringwood,NJ,"12,681"
Borger ,TX,"12,677"
Southern Pines,NC,"12,675"
Bellefontaine ,OH,"12,665"
Brigantine ,NJ,"12,647"
Marshall ,MN,"12,647"
Cayce ,SC,"12,646"
Happy Valley ,OR,"12,643"
Williston ,ND,"12,641"
Somerville,NJ,"12,637"
Okmulgee ,OK,"12,634"
Woodhaven ,MI,"12,634"
Wilton Manors ,FL,"12,616"
Boone ,IA,"12,614"
Glen Carbon,IL,"12,607"
Bogalusa ,LA,"12,607"
Port Neches ,TX,"12,604"
Wilmington ,OH,"12,603"
Speedway,IN,"12,594"
Mountain Home ,AR,"12,592"
El Dorado ,KS,"12,591"
Ionia ,MI,"12,589"
Harper Woods ,MI,"12,584"
Destin ,FL,"12,563"
Miami Springs ,FL,"12,534"
North Mankato ,MN,"12,530"
Canton ,MS,"12,520"
University Heights ,OH,"12,519"
Soddy-Daisy ,TN,"12,511"
St. Helens ,OR,"12,510"
Bexley ,OH,"12,507"
Vadnais Heights ,MN,"12,506"
Pewaukee ,WI,"12,494"
Freeport ,TX,"12,494"
Effingham ,IL,"12,489"
Williamsburg ,VA,"12,481"
Palos Heights ,IL,"12,469"
Dover ,OH,"12,466"
New Carrollton ,MD,"12,460"
Levelland ,TX,"12,450"
Half Moon Bay ,CA,"12,449"
Somerset ,KY,"12,449"
Lake Forest Park ,WA,"12,438"
Lake City ,FL,"12,427"
South Charleston ,WV,"12,427"
Mandeville ,LA,"12,421"
Endicott,NY,"12,411"
La Grange Park,IL,"12,404"
St. Augustine ,FL,"12,404"
Derby ,CT,"12,393"
Florham Park,NJ,"12,389"
Mountain Home ,ID,"12,382"
Winnetka,IL,"12,371"
Ridgefield Park,NJ,"12,370"
Crowley ,TX,"12,368"
Waukee ,IA,"12,367"
Conneaut ,OH,"12,355"
Somerton ,AZ,"12,346"
Herrin ,IL,"12,337"
Bainbridge ,GA,"12,337"
Pinehurst,NC,"12,331"
Gulfport ,FL,"12,327"
Show Low ,AZ,"12,324"
Athens ,TX,"12,320"
Hernando ,MS,"12,318"
Niceville ,FL,"12,313"
Kewanee ,IL,"12,302"
Peru ,IN,"12,301"
Woodward ,OK,"12,299"
East Wenatchee ,WA,"12,286"
Bucyrus ,OH,"12,252"
Markham ,IL,"12,248"
Avon,IN,"12,238"
Taylorville ,IL,"12,238"
Long Beach ,MS,"12,234"
Grass Valley ,CA,"12,232"
Wauconda,IL,"12,219"
Cleveland ,MS,"12,218"
Marion ,AR,"12,217"
Portales ,NM,"12,215"
Escanaba ,MI,"12,214"
Grand Terrace ,CA,"12,204"
Hudson ,WI,"12,196"
Wanaque,NJ,"12,195"
Patchogue,NY,"12,194"
Helena-West Helena ,AR,"12,190"
Rantoul,IL,"12,189"
Kelso ,WA,"12,188"
Ventnor City ,NJ,"12,187"
Robstown ,TX,"12,179"
Monroe ,OH,"12,178"
Franklin Park,PA,"12,172"
Clawson ,MI,"12,157"
Middletown,DE,"12,152"
North Palm Beach,FL,"12,149"
Green River ,WY,"12,149"
Marshall ,MO,"12,118"
Abbeville ,LA,"12,103"
McFarland ,CA,"12,098"
Lower Burrell ,PA,"12,087"
Dunkirk ,NY,"12,085"
Gladstone ,OR,"12,079"
Elizabethtown,PA,"12,069"
West Plains ,MO,"12,045"
Sauk Rapids ,MN,"12,013"
Kilgore ,TX,"12,010"
Hendersonville ,NC,"12,005"
Mounds View ,MN,"12,005"
Excelsior Springs ,MO,"12,002"
Seagoville ,TX,"11,998"
East Liverpool ,OH,"11,996"
San Anselmo,CA,"11,986"
Hidalgo ,TX,"11,984"
Mount Washington ,KY,"11,980"
Somersworth ,NH,"11,967"
South Sioux City ,NE,"11,936"
Cocoa Beach ,FL,"11,920"
West Paterson,NJ,"11,908"
New Providence,NJ,"11,905"
The Dalles ,OR,"11,897"
Fort Atkinson ,WI,"11,895"
East Bethel ,MN,"11,895"
Plano ,IL,"11,886"
Red Bank,NJ,"11,866"
Poquoson ,VA,"11,829"
Chubbuck ,ID,"11,828"
Riverview ,MI,"11,817"
Bastrop ,LA,"11,814"
Lincolnwood,IL,"11,810"
Two Rivers ,WI,"11,807"
Martinsville ,IN,"11,800"
Picayune ,MS,"11,787"
Evanston ,WY,"11,781"
Salem ,OH,"11,781"
Buford ,GA,"11,780"
Monticello ,MN,"11,780"
Mooresville,IN,"11,763"
Satellite Beach ,FL,"11,762"
Beaufort ,SC,"11,755"
Cambridge ,MD,"11,752"
Lynden ,WA,"11,737"
Tehachapi ,CA,"11,736"
Loveland ,OH,"11,734"
Federal Heights ,CO,"11,732"
Amherst ,OH,"11,724"
Plover,WI,"11,720"
Brown Deer,WI,"11,716"
Garden City ,ID,"11,713"
Marysville ,CA,"11,700"
Larkspur ,CA,"11,693"
Irmo,SC,"11,684"
Uniontown ,PA,"11,682"
Fenton ,MI,"11,678"
Los Alamitos ,CA,"11,656"
Henderson ,TX,"11,631"
King City ,CA,"11,627"
Coatesville ,PA,"11,624"
Muskegon Heights ,MI,"11,623"
Franklin Lakes,NJ,"11,619"
Seven Hills ,OH,"11,616"
Grafton,WI,"11,613"
Fernandina Beach ,FL,"11,610"
Morgan City ,LA,"11,604"
Lilburn ,GA,"11,599"
Sedona ,AZ,"11,599"
Crossville ,TN,"11,599"
Mendota Heights ,MN,"11,594"
Schiller Park,IL,"11,573"
Red Bank ,TN,"11,573"
North Liberty ,IA,"11,561"
Webb City ,MO,"11,532"
Seabrook ,TX,"11,525"
Alton ,TX,"11,523"
Cordele ,GA,"11,518"
Camden ,AR,"11,512"
Gloucester City ,NJ,"11,503"
Eunice ,LA,"11,500"
Winfield ,KS,"11,497"
Verona ,WI,"11,486"
Norton ,OH,"11,472"
Cornelius ,OR,"11,464"
Northlake ,IL,"11,462"
Urbana ,OH,"11,442"
Haddonfield,NJ,"11,442"
Port Lavaca ,TX,"11,432"
Freehold,NJ,"11,425"
Yazoo City ,MS,"11,425"
Douglas ,GA,"11,413"
Cottonwood ,AZ,"11,412"
Hasbrouck Heights,NJ,"11,410"
Crestwood ,MO,"11,408"
Burr Ridge,IL,"11,398"
Washington ,IN,"11,397"
Cloquet ,MN,"11,387"
Ravenna ,OH,"11,381"
Yeadon,PA,"11,367"
Ferndale ,WA,"11,359"
Tuskegee ,AL,"11,357"
Vidalia ,GA,"11,355"
Choctaw ,OK,"11,354"
Coshocton ,OH,"11,353"
Emmaus,PA,"11,349"
Azle ,TX,"11,347"
New Baltimore ,MI,"11,346"
Somers Point ,NJ,"11,343"
Fortuna ,CA,"11,329"
Manassas Park ,VA,"11,319"
Neosho ,MO,"11,317"
Fairfield ,AL,"11,316"
Leeds ,AL,"11,312"
Elk City ,OK,"11,311"
Pine Hill,NJ,"11,308"
Ironton ,OH,"11,307"
Wallington,NJ,"11,296"
Shelbyville ,KY,"11,294"
West Point ,MS,"11,292"
Waunakee,WI,"11,290"
Pontiac ,IL,"11,258"
Niles ,MI,"11,258"
Roma ,TX,"11,257"
North St. Paul ,MN,"11,247"
Festus ,MO,"11,246"
Baraboo ,WI,"11,244"
Canyon Lake ,CA,"11,243"
Bardstown ,KY,"11,242"
Lyndon ,KY,"11,242"
Woodinville ,WA,"11,240"
Alexandria ,MN,"11,237"
Fulton ,NY,"11,219"
Chamblee ,GA,"11,202"
Munhall,PA,"11,199"
Lakeway ,TX,"11,193"
Cambridge ,OH,"11,192"
River Forest,IL,"11,176"
Bellmawr,NJ,"11,176"
Kings Mountain ,NC,"11,175"
Port Washington ,WI,"11,174"
Shiloh,IL,"11,173"
Falls Church ,VA,"11,169"
Canandaigua ,NY,"11,168"
Portland ,TN,"11,154"
Dobbs Ferry,NY,"11,134"
Glen Rock,NJ,"11,131"
Arkadelphia ,AR,"11,130"
Scotts Valley ,CA,"11,128"
Little Chute,WI,"11,121"
Ogdensburg ,NY,"11,119"
Lighthouse Point ,FL,"11,118"
Beachwood ,OH,"11,108"
Lancaster,NY,"11,108"
Cedarburg ,WI,"11,101"
Fredericksburg ,TX,"11,098"
Bluefield ,WV,"11,093"
Suffern,NY,"11,088"
Fox Lake,IL,"11,087"
Magnolia ,AR,"11,081"
Chino Valley,AZ,"11,078"
Glenn Heights ,TX,"11,078"
Mexico ,MO,"11,074"
Arkansas City ,KS,"11,070"
Oskaloosa ,IA,"11,069"
Parsons ,KS,"11,065"
Kingsburg ,CA,"11,064"
Port Royal,SC,"11,064"
Fredonia,NY,"11,064"
Vidor ,TX,"11,063"
Crestwood,IL,"11,051"
Guthrie ,OK,"11,043"
Plymouth ,IN,"11,038"
Worthington ,MN,"11,036"
Huron ,SD,"11,033"
Campton Hills,IL,"11,031"
Tarrytown,NY,"11,031"
Pompton Lakes,NJ,"11,031"
Haverstraw,NY,"11,029"
Fairburn ,GA,"11,024"
Bolivar ,MO,"11,013"
Blackfoot ,ID,"11,012"
Campbellsville ,KY,"11,010"
Lewisburg ,TN,"11,003"
Rochester ,MI,"11,002"
St. Albans ,WV,"10,996"
Artesia ,NM,"10,994"
Ontario ,OR,"10,991"
Spencer ,IA,"10,986"
Cedar Lake,IN,"10,981"
Wood River ,IL,"10,973"
Healdsburg ,CA,"10,971"
St. Peter ,MN,"10,971"
South Lyon ,MI,"10,959"
Grosse Pointe Park ,MI,"10,956"
Lake Grove,NY,"10,948"
Burlington ,WI,"10,930"
Vernon ,TX,"10,924"
Sturgis ,MI,"10,916"
Newberry ,SC,"10,907"
Fort Madison ,IA,"10,897"
Signal Hill ,CA,"10,882"
Suamico,WI,"10,881"
Sedro-Woolley ,WA,"10,871"
Trenton ,OH,"10,866"
Lincolnton ,NC,"10,859"
West Richland ,WA,"10,857"
Ridgefield,NJ,"10,851"
Camp Verde,AZ,"10,849"
Hillsborough,CA,"10,844"
Beachwood,NJ,"10,835"
Sierra Madre ,CA,"10,834"
Wabash ,IN,"10,815"
Benton Harbor ,MI,"10,814"
Merriam ,KS,"10,814"
Palatka ,FL,"10,813"
Indianola ,MS,"10,805"
Marinette ,WI,"10,800"
Manville,NJ,"10,800"
Maryville ,MO,"10,800"
Lawrenceburg ,TN,"10,778"
El Campo ,TX,"10,773"
Clute ,TX,"10,765"
Vermilion ,OH,"10,754"
Calera ,AL,"10,742"
Norcross ,GA,"10,737"
Galion ,OH,"10,737"
Struthers ,OH,"10,734"
Greensburg ,IN,"10,730"
Oneida ,NY,"10,723"
Sebring ,FL,"10,714"
Town and Country ,MO,"10,710"
South Miami ,FL,"10,707"
Kennett ,MO,"10,707"
Guymon ,OK,"10,702"
Westwood,NJ,"10,699"
Lansing ,KS,"10,691"
Enumclaw ,WA,"10,684"
Chatham,IL,"10,676"
River Edge,NJ,"10,674"
Webster ,TX,"10,665"
Bonham ,TX,"10,660"
Sweetwater ,TX,"10,657"
Orange Cove ,CA,"10,641"
Lansdowne,PA,"10,638"
Lincoln Park,NJ,"10,635"
Aliquippa ,PA,"10,631"
Mebane ,NC,"10,624"
Totowa,NJ,"10,621"
Grand Haven ,MI,"10,608"
Oil City ,PA,"10,598"
Dallas ,GA,"10,584"
Petal ,MS,"10,575"
Richmond Hill ,GA,"10,571"
Lindsay ,CA,"10,571"
Union City ,TN,"10,569"
Loganville ,GA,"10,562"
Keansburg,NJ,"10,550"
Superior,CO,"10,549"
Fort Morgan ,CO,"10,539"
Massena,NY,"10,539"
Anderson ,CA,"10,538"
Vienna ,WV,"10,536"
Jennings ,LA,"10,529"
Guttenberg,NJ,"10,528"
Minooka,IL,"10,514"
Coldwater ,MI,"10,514"
Vermillion ,SD,"10,495"
Bedford Heights ,OH,"10,485"
Piedmont ,CA,"10,481"
Monroe ,WI,"10,481"
Santa Fe ,TX,"10,479"
Little Ferry,NJ,"10,477"
Waupun ,WI,"10,469"
East Grand Rapids ,MI,"10,467"
Lindon ,UT,"10,466"
Alpena ,MI,"10,465"
Jesup ,GA,"10,459"
Montgomery ,OH,"10,458"
Kendallville ,IN,"10,452"
Woodbury ,NJ,"10,450"
East Rockaway,NY,"10,438"
Macedonia ,OH,"10,435"
Steger,IL,"10,421"
Burkburnett ,TX,"10,418"
North Branch ,MN,"10,417"
Brooklyn ,OH,"10,410"
Snyder ,TX,"10,406"
Atchison ,KS,"10,402"
Wyomissing,PA,"10,399"
Mount Kisco,NY,"10,393"
East Stroudsburg,PA,"10,390"
Keokuk ,IA,"10,387"
Cheney ,WA,"10,385"
Springdale ,OH,"10,384"
Barrington,IL,"10,374"
Bound Brook,NJ,"10,365"
Haysville ,KS,"10,364"
Lumberton ,TX,"10,354"
Grain Valley ,MO,"10,352"
Andover ,KS,"10,351"
Mendota ,CA,"10,339"
Morro Bay ,CA,"10,333"
Silver City,NM,"10,329"
Robinson ,TX,"10,327"
Brownsville ,TN,"10,316"
Coffeyville ,KS,"10,312"
Denham Springs ,LA,"10,308"
Davidson,NC,"10,305"
Platteville ,WI,"10,297"
Boerne ,TX,"10,283"
Corning ,NY,"10,281"
Leon Valley ,TX,"10,269"
Doraville ,GA,"10,268"
Coolidge ,AZ,"10,261"
Tarboro,NC,"10,257"
Big Rapids ,MI,"10,257"
Wasilla ,AK,"10,256"
Celina ,OH,"10,255"
Sauk Village,IL,"10,254"
Pleasant Grove ,AL,"10,254"
West Haverstraw,NY,"10,252"
Lyons,IL,"10,250"
Gulf Shores ,AL,"10,248"
Cadillac ,MI,"10,245"
Bellefontaine Neighbors ,MO,"10,241"
Tomball ,TX,"10,234"
Newman ,CA,"10,226"
Summit,IL,"10,223"
Fairmont ,MN,"10,221"
Berwick,PA,"10,216"
Sleepy Hollow,NY,"10,212"
Van Wert ,OH,"10,211"
Martin ,TN,"10,208"
Pella ,IA,"10,208"
Galena Park ,TX,"10,207"
Nanticoke ,PA,"10,199"
Shasta Lake ,CA,"10,192"
Mayfield ,KY,"10,186"
Weatherford ,OK,"10,185"
Richmond Heights ,OH,"10,174"
Millington ,TN,"10,165"
Cape Canaveral ,FL,"10,147"
Greencastle ,IN,"10,145"
Andrews ,TX,"10,142"
Lexington ,NE,"10,126"
Cedartown ,GA,"10,123"
Washington ,NC,"10,112"
Westwego ,LA,"10,098"
Prineville ,OR,"10,085"
Mount Holly ,NC,"10,081"
Jacksonville ,AL,"10,077"
East Rutherford,NJ,"10,074"
Lantana,FL,"10,071"
Girard ,OH,"10,069"
Farmersville ,CA,"10,056"
Sussex,WI,"10,048"
Columbia,PA,"10,033"
Riverton ,WY,"10,032"
Fort Mill,SC,"10,032"
Dunn ,NC,"10,029"
Manchester ,TN,"10,012"
Spearfish ,SD,"10,010"
DeRidder ,LA,"10,008"
Placerville ,CA,"9,994"
River Grove,IL,"9,992"
